./2024/december/16/index.org	Rolling Around On The Kitchen Floor Cuddling Her Mouse	https://www.youtube.com/embed/temWj98_InM
./2025/june/30/index.org	Acting Like A Cat	https://www.youtube.com/embed/s2j47TTbzWo
./2025/january/12/index.org	Eating Chickpea Tuna Salad	https://www.youtube.com/embed/e-afcKujit0
./2025/january/12/index.org	Playing Connect 4 At Flight Adventure Park	https://www.youtube.com/embed/Vzu2-wcCJr4
./2025/january/12/index.org	Singing Happy Birthday To Chalmers And Putting Bows On Him	https://www.youtube.com/embed/s6zc90b2Uko
./2025/january/12/index.org	Reading Snow Book	https://www.youtube.com/embed/G-0-u0ghtyo
./2025/january/12/index.org	Searching For Lemonade At Publix	https://www.youtube.com/embed/JkMLgOe71TI
./2025/january/12/index.org	Eating Bowl Of Chickpea Tuna Salad	https://www.youtube.com/embed/hx8SOVMiSM8
./2025/january/12/index.org	Being Weird With Her Cup	https://www.youtube.com/embed/rtJWbAtEnJ8
./2024/april/06/index.org	Singing And Spinning Noumena	https://www.youtube.com/embed/fIN28NVZIFY
./2024/april/06/index.org	More Singing And Spinning Noumena	https://www.youtube.com/embed/jpQAg7LAW9M
./2024/april/06/index.org	Singing And Spinning Noumena More	https://www.youtube.com/embed/S_oPheWX69A
./2024/april/06/index.org	Playing With Daddys Belly	https://www.youtube.com/embed/mocnU3lm048
./2024/april/06/index.org	Walking All Funny	https://www.youtube.com/embed/xC4Wfj8g96Y
./2024/april/06/index.org	Playing With Kisa Outside	https://www.youtube.com/embed/SC_dlWjFvlE
./2024/april/06/index.org	Singing With Daddy On Front Porch	https://www.youtube.com/embed/ZbA60jsTIbU
./2025/june/29/index.org	Treating Daddy After Kowie Abuses Him	https://www.youtube.com/embed/ZcBIpAZEi20
./2025/june/28/index.org	Loving On Chalmers	https://www.youtube.com/embed/HY1AY_LA_0c
./2025/june/28/index.org	Playing With Purses At Home	https://www.youtube.com/embed/AdAbsfddzI4
./2025/june/28/index.org	Playing In The Rain	https://www.youtube.com/embed/DktaWgv60s8
./2025/june/28/index.org	Pushing Jerimiah In Tricycle And Bumper Cars	https://www.youtube.com/embed/Z07dyi1gk5M
./2025/june/28/index.org	Jumping Off The Bed!	https://www.youtube.com/embed/cpU9w7zCQRQ
./2025/july/13/index.org	Swinging In The Rain	https://www.youtube.com/embed/exV1MrE3VbY
./2025/july/13/index.org	Drumming	https://www.youtube.com/embed/iP3vGUR3Qxk
./2025/july/13/index.org	Chasing Geese And White Ibis	https://www.youtube.com/embed/K8KjInmjs9o
./2025/june/27/index.org	Burying The Poor Grasshopper	https://www.youtube.com/embed/m5EAnrQsRts
./2025/june/27/index.org	Playing With Kowie Outside 2	https://www.youtube.com/embed/fLyjyaiFd4g
./2025/june/27/index.org	Playing With Kowie Outside 1	https://www.youtube.com/embed/-ezHcWCYMg8
./2024/december/15/index.org	Jumping On Daddy And Riding Like A Horse	https://www.youtube.com/embed/Olk29-QJ1UI
./2024/december/15/index.org	Capturing Noumenas Amazing Running	https://www.youtube.com/embed/YPWBFPsXDyM
./2024/december/15/index.org	Noumenas Heatwarming Run And Fall	https://www.youtube.com/embed/RlMFweNQJbw
./2024/december/15/index.org	Running Up To Daddy For Hugs And Kisses	https://www.youtube.com/embed/BCmiko3NWXk
./2024/december/15/index.org	Eating Mashed Potatoes	https://www.youtube.com/embed/W9nkf6W5E7o
./2024/december/15/index.org	Staying Safe On The Road	https://www.youtube.com/embed/G_tjqwb01QI
./2024/december/15/index.org	Chasing Daddy Down	https://www.youtube.com/embed/2Z4DwdKrll4
./2024/december/15/index.org	Chasing And Pulling Daddy	https://www.youtube.com/embed/cPx6MQEVRwc
./2025/july/12/index.org	Giving Attitude On Way To Shipwreck Island Water Park	https://www.youtube.com/embed/w3ROnY-oTlg
./2025/july/12/index.org	Playing At Shipwreck Island Water Park	https://www.youtube.com/embed/BsA6T9Y5pLo
./2025/july/12/index.org	Reenacting Frozen	https://www.youtube.com/embed/_1g_5BXWdJ8
./2025/january/11/index.org	Making Gingerbread House With Daddy	https://www.youtube.com/embed/U6VP1IThY0I
./2025/january/11/index.org	Rocking Out To Periphery And Meshuggah	https://www.youtube.com/embed/5EyL5VOuGLY
./2025/january/11/index.org	Standing On Daddys Head	https://www.youtube.com/embed/IBeuQK8Lz64
./2025/january/11/index.org	Taking Care Of Her Toys	https://www.youtube.com/embed/Do5Ii1OuI2E
./2025/january/11/index.org	Goofing Around On The Couch	https://www.youtube.com/embed/Um9TjjNgPys
./2025/june/26/index.org	First Time Vacuuming	https://www.youtube.com/embed/JWgNkyuUYjY
./2025/june/26/index.org	Lets Listen To Meshuggah!	https://www.youtube.com/embed/i0VT9GYtdTU
./2025/july/06/index.org	Laying In Bed With Daddy	https://www.youtube.com/embed/mfM8caU4IbU
./2025/july/06/index.org	Working Like Daddy	https://www.youtube.com/embed/P66IHsW02Tg
./2025/july/06/index.org	Playing With Grasshoppers	https://www.youtube.com/embed/E2xIk_AmzyU
./2025/july/03/index.org	Picnic With Daddy	https://www.youtube.com/embed/ht7YctF5Szw
./2025/july/03/index.org	Attitude!	https://www.youtube.com/embed/jsAujfIYNuk
./2025/january/10/index.org	Bouncing Around	https://www.youtube.com/embed/visCT216o48
./2025/january/10/index.org	Grooving At Mellow Mushroom	https://www.youtube.com/embed/ozVXQv7dNPc
./2025/january/10/index.org	Being Goofy With Daddy While Eathing Pizza	https://www.youtube.com/embed/J1pm_Xa1EH0
./2024/november/06/index.org	Trying To Catch Noumena Being Cute	https://www.youtube.com/embed/9QOxvO_Bjnc
./2024/november/06/index.org	Cleaning Daddys Butt	https://www.youtube.com/embed/qEooq5P6qnk
./2025/july/01/index.org	Playing Soccer With Daddy	https://www.youtube.com/embed/KXOyTqckYy8
./2024/april/07/index.org	Noumenas First Flight	https://www.youtube.com/embed/pKW16pXYyTM
./2024/april/07/index.org	Arriving At Hotel In Texas	https://www.youtube.com/embed/N9fO4zzYUZI
./2024/april/07/index.org	Playing In Hotel Sliding Doors	https://www.youtube.com/embed/FIH1GRIRwZI
./2024/april/07/index.org	Playing With Daddy In Hotel Bathroom	https://www.youtube.com/embed/n4GJTcRVAb4
./2024/april/07/index.org	Playing With Mommy In Hotel	https://www.youtube.com/embed/Rjrfc2Shneg
./2024/april/07/index.org	Hiding Under Towels	https://www.youtube.com/embed/28WAtICKyT8
./2024/april/07/index.org	Noumenas First Aquarium	https://www.youtube.com/embed/gyqXuNoLDYE
./2024/april/07/index.org	More Aquarium	https://www.youtube.com/embed/-lyxOknfWSM
./2024/october/24/index.org	Not Scared Of Daddy	https://www.youtube.com/embed/aTcmqPmiPnk
./2024/october/24/index.org	Going Down Slide When Were Not Allowed	https://www.youtube.com/embed/1_DM3Dk9TSU
./2024/october/24/index.org	Playing With First Soccer Ball	https://www.youtube.com/embed/XVAgjWog4Q0
./2024/october/24/index.org	More Playing Soccer	https://www.youtube.com/embed/S-4VGfxc5dk
./2024/october/24/index.org	Climbing At Playground	https://www.youtube.com/embed/qXHYNkJdzcE
./2025/july/11/index.org	Singing Into Her Mallet	https://www.youtube.com/embed/o-8gfInpA5k
./2025/july/11/index.org	Pushing Daddy Over	https://www.youtube.com/embed/6Avpvybk2Bw
./2024/october/22/index.org	Tough From Burning Fingers	https://www.youtube.com/embed/vPy0uHNpKxM
./2024/october/22/index.org	Cheers With Popsicles	https://www.youtube.com/embed/ZmxHJhucFJc
./2024/october/22/index.org	Learning To Be Polite	https://www.youtube.com/embed/Le3LfTpHfRQ
./2024/october/22/index.org	More Learning How To Be Polite	https://www.youtube.com/embed/dHfmc4W4OMU
./2025/january/05/index.org	Eating Grandpas Potatoes	https://www.youtube.com/embed/d7YWnJJN1UY
./2025/january/05/index.org	Trying To Remove The Sheets Part 1	https://www.youtube.com/embed/fgvw4K2uDmI
./2025/january/05/index.org	Following Noumena Trying To Figure Out What Shes Doing	https://www.youtube.com/embed/0lGu5dj7xJk
./2025/january/05/index.org	First Time Daredevil Jumping Solo	https://www.youtube.com/embed/tdAhdIWL86g
./2025/january/05/index.org	Playing Soccer With Chris	https://www.youtube.com/embed/c3hg_GOtmGg
./2025/january/05/index.org	Daddy Throwing Noumena	https://www.youtube.com/embed/qchgywWF9x0
./2025/january/05/index.org	Walking With Vanessa	https://www.youtube.com/embed/xMHx9JtKvR8
./2025/january/05/index.org	Hiding In The Sheets	https://www.youtube.com/embed/1xScOuC2HJ0
./2025/january/02/index.org	Playing In The Sand	https://www.youtube.com/embed/K1o_wnwH-JM
./2025/january/02/index.org	Rocking Out To Meshuggah With Kowie	https://www.youtube.com/embed/xFMxEPVV5rQ
./2025/january/02/index.org	Loving Chickens	https://www.youtube.com/embed/ek7rVMJtO9s
./2025/january/04/index.org	Playing With Kowie In Christmas Tree	https://www.youtube.com/embed/n5NJhnaQ-vU
./2025/january/04/index.org	Climbing With Kalil At Brackridge Park	https://www.youtube.com/embed/WHAG_gSQIHM
./2025/january/04/index.org	Chasing Chalmers	https://www.youtube.com/embed/RnYDoC6KUeY
./2025/january/04/index.org	Playing With Kowie	https://www.youtube.com/embed/9icNe6cJVJA
./2025/january/04/index.org	Bouncing On Daddys Head	https://www.youtube.com/embed/mpYpF_WMRdI
./2025/july/05/index.org	Walking Around With Hoppers	https://www.youtube.com/embed/o_55K7dq9KY
./2025/july/05/index.org	Searching For Hoppers	https://www.youtube.com/embed/8L-HYVskuKk
./2025/july/05/index.org	Playing With Cars	https://www.youtube.com/embed/UMddKRt3ON8
./2025/july/05/index.org	Beating Daddys Ass	https://www.youtube.com/embed/d65GPivPMIM
./2025/january/06/index.org	Playing With Ribbons	https://www.youtube.com/embed/IWi6QHhNTT4
./2025/january/06/index.org	Making Her Own Bed	https://www.youtube.com/embed/pOP5r78-JCY
./2025/january/06/index.org	Saying Fuck You To Lilly	https://www.youtube.com/embed/HkbhLSqab9A
./2025/january/06/index.org	Cooking Daddy Elephant In The Microwave	https://www.youtube.com/embed/TD3DjWBCN-0
./2024/april/08/index.org	Playing With Toys In Hotel Room	https://www.youtube.com/embed/EnZY8ojjg1g
./2024/april/08/index.org	Missing Noumena Crab Walk	https://www.youtube.com/embed/Gtvoo6arV3w
./2024/april/08/index.org	Walking Around Solar Eclipse Event	https://www.youtube.com/embed/pAYPP8qesl0
./2024/april/08/index.org	Playing In Plants Solar Eclipse Event	https://www.youtube.com/embed/4lwR7xLpKYM
./2024/april/08/index.org	Chewing On Popcorn Bag	https://www.youtube.com/embed/CXrj0waOoCg
./2024/april/08/index.org	Playing With Other Babys Doll	https://www.youtube.com/embed/9lPNBU7hit4
./2024/april/08/index.org	Driving Carts In Mall	https://www.youtube.com/embed/_7YZmW3lXr8
./2024/april/08/index.org	Rainforest Cafe	https://www.youtube.com/embed/6dVcaG2lcBo
./2024/april/08/index.org	Eating Dirt Themed Desert	https://www.youtube.com/embed/R0PR_8Q9Trs
./2024/april/08/index.org	Chasing Mommy Around Hotel	https://www.youtube.com/embed/LkS8UZsfx4E
./2024/april/08/index.org	More Chasing Mommy	https://www.youtube.com/embed/LWQBm4RJ7Dk
./2025/january/07/index.org	Cuddling With Chalmers	https://www.youtube.com/embed/7GoK8pmWESk
./2024/july/08/index.org	Carrying Grocery Basket	https://www.youtube.com/embed/vQAHEWlNMmI
./2024/july/08/index.org	Trying To Carry Full Grocery Basket	https://www.youtube.com/embed/-e0MP7EY8z8
./2024/july/08/index.org	Playing In Puddle	https://www.youtube.com/embed/9rBz1ROPC6g
./2025/january/03/index.org	Throwing Boat Into Christmas Tree	https://www.youtube.com/embed/GnpJ4oKGxLo
./2025/january/03/index.org	Walking In Julington Durbin Creek Nature Preserve	https://www.youtube.com/embed/Jv_uThzA1RI
./2025/january/03/index.org	More Walking With Chalmers In Julington Durbin Creek Nature Preserve	https://www.youtube.com/embed/em8ZPhw5MVU
./2025/june/22/index.org	Refusing To Go Down Slides Even Though She Already Had	https://www.youtube.com/embed/7q1meeHmocU
./2025/june/22/index.org	Playing Kids Empire	https://www.youtube.com/embed/-LhuL_pI8So
./2025/june/22/index.org	Hugging Dragon	https://www.youtube.com/embed/kxsnl7hDKKA
./2025/june/22/index.org	Dancing	https://www.youtube.com/embed/Kh-PVFqUMVc
./2025/june/22/index.org	Twirling With Daddy	https://www.youtube.com/embed/9LG0EUtvfGI
./2024/april/09/index.org	Messing With Deoderant In Hotel Bathroom	https://www.youtube.com/embed/89vJlCsByXE
./2024/april/09/index.org	Playing Hide And Go Seek With Daddy In Hotel Hallway	https://www.youtube.com/embed/iZXBCFnX7gk
./2024/april/09/index.org	Chuck E Cheese Texas	https://www.youtube.com/embed/rEhzIX-JkQw
./2024/april/09/index.org	Ballpit In Texas	https://www.youtube.com/embed/cHTiryTUnNg
./2024/april/09/index.org	Texas Play Place	https://www.youtube.com/embed/9UGSaji8-mY
./2025/june/21/index.org	Playing Xylophone	https://www.youtube.com/embed/KvpeZxvzgSE
./2025/june/21/index.org	Playing With Bear Chair And Xylophone On Bed	https://www.youtube.com/embed/3i2JLHgCtfI
./2025/june/21/index.org	Catching Grasshoppers 1	https://www.youtube.com/embed/KKPRo46afSU
./2025/june/21/index.org	Catching Grasshoppers 2	https://www.youtube.com/embed/1DcFSx59slI
./2025/june/21/index.org	Catching Grasshoppers 3	https://www.youtube.com/embed/iKvEUmRmh1Q
./2025/june/21/index.org	Noumena Says She Loves Daddy So Much	https://www.youtube.com/embed/X575PcWZbJY
./2025/june/21/index.org	Biting Kowie	https://www.youtube.com/embed/jsyZgOKgTLk
./2025/june/21/index.org	A Little More Xylophone	https://www.youtube.com/embed/zms2r5AB7eg
./2025/june/21/index.org	Playing Piano	https://www.youtube.com/embed/Yupt4Srbigo
./2025/june/21/index.org	Playing Piano On Daddys Lap	https://www.youtube.com/embed/XKOrbsou5uQ
./2025/june/21/index.org	Busting In The Bathroom Mad Cropped	https://www.youtube.com/embed/SmQUHtmeqn8
./2025/june/21/index.org	Peeling Cheese Off Pizza	https://www.youtube.com/embed/mJquK9UuE8k
./2025/june/21/index.org	Unorthodox Pizza Eating	https://www.youtube.com/embed/aXVeR8wb3oY
./2025/july/04/index.org	Grasshopper Tries To Mount Noumena	https://www.youtube.com/embed/zZzktFTnKCY
./2025/july/04/index.org	Giving Daddy Affection	https://www.youtube.com/embed/-7eyX52fY1w
./2025/july/04/index.org	Counting Spices	https://www.youtube.com/embed/GNpEu9Qqi4E
./2025/july/04/index.org	Watching The Fireworks	https://www.youtube.com/embed/fZ1T5fh9jLU
./2024/july/07/index.org	Wearing Witch Hat	https://www.youtube.com/embed/OEoQB4bXxG4
./2024/july/07/index.org	Playing Piano With Daddy	https://www.youtube.com/embed/hy8oC_1nIUM
./2024/july/07/index.org	Eating Vegan Pizza With Daddy	https://www.youtube.com/embed/qlOGwh4gYhw
./2024/july/07/index.org	Saying Go Bucko	https://www.youtube.com/embed/oQNkjFxbJog
./2024/july/07/index.org	Being A Goofy Toddler	https://www.youtube.com/embed/xCVOVPVXt7E
./2024/july/07/index.org	Running To The Pond At Touchton Park	https://www.youtube.com/embed/SXbcL6GyUU0
./2024/july/07/index.org	Climbing And Going Down Slide	https://www.youtube.com/embed/kuocVhM0aaY
./2024/july/07/index.org	Walking With Kensley	https://www.youtube.com/embed/mocuY0iVgUo
./2024/july/07/index.org	Kensley Pushes Noumena And Daddy	https://www.youtube.com/embed/DMaMT0eYmM0
./2022/may/05/index.org	Ankle Flexibility	https://www.youtube.com/embed/FqerJAWWf_g
./2022/may/05/index.org	Sleeping In Pillow	https://www.youtube.com/embed/TqBBlZkjLKI
./2025/june/20/index.org	Rolling Around The Living Room Floor	https://www.youtube.com/embed/8BhWRU0eheE
./2025/june/20/index.org	Jump Skills Improving	https://www.youtube.com/embed/AXQ6wBdbL_c
./2025/june/20/index.org	Jumping In Slomo 1	https://www.youtube.com/embed/dKE3lJrzeNQ
./2025/june/20/index.org	Jumping In Slomo 2	https://www.youtube.com/embed/W7pbBUCQfCg
./2022/may/04/index.org	Feet Clapping	https://www.youtube.com/embed/VtjvRJPCrZc
./2024/april/04/index.org	Duck Pond At Riverside Park	https://www.youtube.com/embed/HNCvjjMemBU
./2024/april/04/index.org	Throwing Stuff In Riverside Park Duck Pond	https://www.youtube.com/embed/Bi-mTjNjYAY
./2025/june/23/index.org	Singing In The Car	https://www.youtube.com/embed/Y5JEXL86eZA
./2025/june/23/index.org	Running Down Hills	https://www.youtube.com/embed/9AKupo5dSgU
./2025/june/23/index.org	Running Around Art	https://www.youtube.com/embed/lHhPQwhPRUM
./2025/june/23/index.org	Spy Physics	https://www.youtube.com/embed/5dmFsZDl6vk
./2025/june/23/index.org	Thirsty In Her Tummy	https://www.youtube.com/embed/Eqy-jmniK7I
./2022/april/30/index.org	7 Against 4 In Daddys Lap	https://www.youtube.com/embed/b1qh17zBnsI
./2022/april/29/index.org	Rocking In Her Rocker	https://www.youtube.com/embed/hutsZUtE3EI
./2022/april/29/index.org	More Rocking In Her Rocker	https://www.youtube.com/embed/Dm3nW9s4Jmk
./2024/january/31/index.org	Dressing Baby At Daycare	https://www.youtube.com/embed/pwpbxAg2z7s
./2024/january/31/index.org	Terrorizing Chalmers	https://www.youtube.com/embed/ypc9vwm9yFc
./2024/january/31/index.org	Walking Around At Night	https://www.youtube.com/embed/u4rtgxrFaCY
./2024/january/31/index.org	Walking Around The Church	https://www.youtube.com/embed/kcvQ-5GTprw
./2024/january/31/index.org	Listening To Music With Daddy	https://www.youtube.com/embed/QGqLKt_ca8A
./2024/april/05/index.org	Playing With Kisa In Front Yard	https://www.youtube.com/embed/bkJiMfuIYdw
./2024/april/05/index.org	Bryan Pushing Noumena	https://www.youtube.com/embed/Q5fgNU7AfAg
./2024/april/05/index.org	Playing With Gate	https://www.youtube.com/embed/5x4ksH10cI8
./2024/april/05/index.org	Playing With Toys In Living Room	https://www.youtube.com/embed/vDRjHOUYWK8
./2024/january/30/index.org	Harassing Chalmers With Baloon	https://www.youtube.com/embed/0B87AgjTelM
./2024/january/30/index.org	Running Around Outside	https://www.youtube.com/embed/4cvw-vaIfcM
./2024/january/30/index.org	Climbing Stairs With Daddy	https://www.youtube.com/embed/VgyjbsOF2Ak
./2022/may/01/index.org	Squishy Eyes 1	https://www.youtube.com/embed/3j_kU4v3yPg
./2022/may/01/index.org	Squishy Eyes 2	https://www.youtube.com/embed/WyHX5yA8z7s
./2024/january/28/index.org	Covering Chalmers With Blankies	https://www.youtube.com/embed/doRMQnlKWHk
./2024/january/28/index.org	Chillin Outside With Daddy	https://www.youtube.com/embed/5sBvXwtpOO8
./2024/january/28/index.org	Peeking Out The Window Waiting On Mommy	https://www.youtube.com/embed/xxzZW4pdyPg
./2024/january/28/index.org	Rocking Out To Momomyth	https://www.youtube.com/embed/gnPHKu6wSXk
./2024/january/28/index.org	Eating Mommys PBandJ	https://www.youtube.com/embed/mQ8HIiUw3a8
./2024/january/28/index.org	Watching Daddy Jump	https://www.youtube.com/embed/yxqiNNZ5JQQ
./2024/january/28/index.org	Grabbing Noumenas Head	https://www.youtube.com/embed/eup124Q78Cg
./2024/january/28/index.org	Riding With A Friend	https://www.youtube.com/embed/sQIreOOCOvk
./2024/january/28/index.org	Riding With A Friend Going Fast	https://www.youtube.com/embed/jNvnViv9JK0
./2024/january/28/index.org	Playing With Sticks	https://www.youtube.com/embed/36I_YhO3tes
./2024/january/28/index.org	Rocking With Mommy At Cracker Barrel	https://www.youtube.com/embed/wQgEiLfyIHM
./2023/december/31/index.org	YouTube video player	https://www.youtube.com/embed/VSXlJsA8vu4?si=AFKu4ru4J1RIK2-S
./2023/december/31/index.org	YouTube video player	https://www.youtube.com/embed/SirlqdWzzA0?si=zhc6Oc0Wx-3UPiq_
./2023/december/31/index.org	YouTube video player	https://www.youtube.com/embed/z_w29jLzrUQ?si=sEziqA4EMgkYIlOe
./2023/december/31/index.org	YouTube video player	https://www.youtube.com/embed/rGH66o5-mcA?si=zCBQNU1RQXd9dcdr
./2023/december/31/index.org	YouTube video player	https://www.youtube.com/embed/cTDhN6BeYjk?si=lpyhMUNPWQzshe9j
./2023/december/31/index.org	YouTube video player	https://www.youtube.com/embed/Rnp8Eamty2s?si=usocydizPpERo_72
./2024/april/02/index.org	Kissing Daddys Boo Boo	https://www.youtube.com/embed/5XFJNOlS6TI
./2025/june/19/index.org	Riding Palm Leaf Like Broom Walking And Talking	https://www.youtube.com/embed/XvOMr-kRiUU
./2025/june/19/index.org	Going Down Slides Talking And Climbing At Tidewater Acres Park	https://www.youtube.com/embed/i45p0--9NDc
./2025/june/19/index.org	Going Down The Fast Slide Tidewater Acres Park	https://www.youtube.com/embed/1Wq-hVfilvU
./2025/june/19/index.org	Taking Risks And Climbing	https://www.youtube.com/embed/trYq0v3o-3A
./2024/june/30/index.org	Swinging With Daddy	https://www.youtube.com/embed/IbnjTOZTFD4
./2024/june/30/index.org	Swinging On Daddys Lap	https://www.youtube.com/embed/wAt6vgAhWCo
./2024/june/30/index.org	Screaming Dont Eat Me While Reading	https://www.youtube.com/embed/hZUREl6Er-o
./2024/june/30/index.org	Watching Clown Core	https://www.youtube.com/embed/S8_2ig5hJyk
./2024/june/30/index.org	Playing In Tall Grass	https://www.youtube.com/embed/ktISf39j4kc
./2024/june/30/index.org	Mommy Wears Witch Mask	https://www.youtube.com/embed/-cKNQijehvA
./2024/january/26/index.org	Saying Goodmorning To Owls	https://www.youtube.com/embed/T-Fgb2E5l_k
./2024/january/26/index.org	Listening To Polyphia	https://www.youtube.com/embed/epIbM8V-eSU
./2024/january/26/index.org	Playing At Home	https://www.youtube.com/embed/kYTizG23E-w
./2025/june/18/index.org	Rolling Around In Her Car	https://www.youtube.com/embed/k8MxdLrIWiY
./2025/june/18/index.org	Holding Camera While Riding In Her Car	https://www.youtube.com/embed/kGwql76dYMY
./2025/june/18/index.org	More Holding Camera While Riding	https://www.youtube.com/embed/Bav4psP2aLI
./2025/june/18/index.org	Even More Holding Camera While Riding	https://www.youtube.com/embed/Aa4bCu3h7Rk
./2025/june/18/index.org	More Holding Camera And Riding	https://www.youtube.com/embed/RRta1Xyg37A
./2025/june/18/index.org	Pushing Her Car Herself	https://www.youtube.com/embed/_ceTnnRTnlM
./2025/june/18/index.org	Found A Friendly Turtle	https://www.youtube.com/embed/S3R_4WHeX7E
./2025/june/18/index.org	Running And Walking With Bottle	https://www.youtube.com/embed/EHZsbfKxAn4
./2024/january/27/index.org	Having A Good Morning	https://www.youtube.com/embed/PX3Jm8R_O4U
./2024/january/27/index.org	Wrestling With Daddy	https://www.youtube.com/embed/qmqjMVK_yMk
./2024/january/27/index.org	Playing On Daddys Bed	https://www.youtube.com/embed/sa6DMr4s3AA
./2024/january/27/index.org	Watching Physical Education	https://www.youtube.com/embed/TZ0qfxdhlgc
./2024/january/27/index.org	Throwing Leaves In The Drain	https://www.youtube.com/embed/4DLEhOT-RsM
./2024/january/27/index.org	Helping Daddy Put Stuff Away	https://www.youtube.com/embed/4vAUTxMrMqg
./2024/january/27/index.org	Eating Just Ketchup	https://www.youtube.com/embed/tcuTc6K46aI
./2024/january/27/index.org	Listening To Cipriano With Daddy	https://www.youtube.com/embed/Fuhfp5EaDBc
./2025/june/17/index.org	Running Out Into The Rain	https://www.youtube.com/embed/y1aSREH6Pjg
./2025/june/17/index.org	Playing In Puddles	https://www.youtube.com/embed/iZ9TyeA2uEE
./2024/april/01/index.org	Helping Daddy Drive	https://www.youtube.com/embed/P_AkHj-khAU
./2025/june/16/index.org	Walking And Drinking Water	https://www.youtube.com/embed/KPRM3XALomw
./2024/january/25/index.org	Physical Education	https://www.youtube.com/embed/b7aspSzaXCE
./2024/january/25/index.org	Hiding While Folding Laundry	https://www.youtube.com/embed/dmqTx7IpNIc
./2024/january/25/index.org	Kisa Following Us Outside	https://www.youtube.com/embed/7mKEUH8iepA
./2024/january/25/index.org	Pushing Daddy	https://www.youtube.com/embed/EvEqH09JCQE
./2024/april/03/index.org	Laying With Daddy On Bed	https://www.youtube.com/embed/VUZjhreTk-c
./2022/april/28/index.org	Bringing Noumena Home From The Hospital Introducing Her To Kisa And Chalmers	https://www.youtube.com/embed/H3d9EF772rU
./2023/december/30/index.org	YouTube video player	https://www.youtube.com/embed/3o8Msyq9-O4?si=cc9J3abKd4i3cQ5A
./2023/december/30/index.org	YouTube video player	https://www.youtube.com/embed/Na0SkQAD_dU?si=iPwa4rW0UjuaNsZs
./2023/december/30/index.org	YouTube video player	https://www.youtube.com/embed/-O8USOcf3pA?si=5M0T5mYAH6PyY8d8
./2023/december/30/index.org	YouTube video player	https://www.youtube.com/embed/tQZF7hf6O0g?si=bjovrINyKDpQBXCx
./2023/december/30/index.org	YouTube video player	https://www.youtube.com/embed/nATmyJJQ9lE?si=6URC7jTtB6F5_ezf
./2023/december/30/index.org	YouTube video player	https://www.youtube.com/embed/nbNoRAQQ8c4?si=X-QAHYD8k4dhyLVe
./2023/december/30/index.org	YouTube video player	https://www.youtube.com/embed/8BmCtCsMnvg?si=F27E-8vXTuYXSTYI
./2023/december/30/index.org	YouTube video player	https://www.youtube.com/embed/bRPbhckHc4E?si=szRy7m1qJz_tK1IM
./2024/january/24/index.org	Doing Headstand On Cot	https://www.youtube.com/embed/o9Ly6kbW3a0?si=kAiebmslc2bILPns
./2024/january/24/index.org	Saying Naughty Words	https://www.youtube.com/embed/xKwEjf9yhpU
./2024/january/24/index.org	Possessive Of Fire Hydrant	https://www.youtube.com/embed/ssZbBCZru6g?si=VEgr-bO91f6xq1rE
./2024/january/24/index.org	Running Around Outside	https://www.youtube.com/embed/dRYrG0P0GZk?si=PEmbr9frb7iDKakl
./2024/january/24/index.org	Running Up And Down Hills	https://www.youtube.com/embed/5em6ntKYFXc?si=dUUJgKqydkyEIzUm
./2024/january/24/index.org	Listening To Animals As Leaders With Daddy	https://www.youtube.com/embed/zszkzTR_Mtk
./2024/january/19/index.org	YouTube video player	https://www.youtube.com/embed/TaAqiL4U0_o?si=Z3KMCPX9VjMrrftb
./2024/january/19/index.org	YouTube video player	https://www.youtube.com/embed/eh8CrVrDriQ?si=9iOOUqxJo9AlD5yc
./2024/january/19/index.org	Wanting To Be Held By Daddy In Left Arm	https://www.youtube.com/embed/5v4QDhWDUfc
./2024/january/19/index.org	YouTube video player	https://www.youtube.com/embed/xe8JTuwrIAU?si=ihGsWsK_j60cBjUa
./2024/january/19/index.org	YouTube video player	https://www.youtube.com/embed/lcjPm5sWT8k?si=5TbRFj1zSrOMasNI
./2024/january/19/index.org	YouTube video player	https://www.youtube.com/embed/lJoTpC-34f8?si=G8rBmGrq7J39mCli
./2024/march/31/index.org	Happy Easter Noumena	https://www.youtube.com/embed/bFabgCm6oo8
./2024/march/31/index.org	Making Daddy Take His Shirt Off	https://www.youtube.com/embed/JajMR3Yj7Us
./2024/march/31/index.org	More Demanding Daddys Shirt Off	https://www.youtube.com/embed/NmpFGf6jw8g
./2024/march/31/index.org	Kissing The Boo Boo Noumena Gave Daddy	https://www.youtube.com/embed/_lQR634szYY
./2024/january/18/index.org	Reading Fish And Worm With Daddy	https://www.youtube.com/embed/vzRyIBqV46o?si=0AxDxsXqgEVZJ4VY
./2024/january/18/index.org	Falling Asleep In Daddys Lullabying Arms	https://www.youtube.com/embed/IictThxs4Bw
./2023/december/16/index.org	Being Scared Of Santa	https://www.youtube.com/embed/OOoX2HyaO3Y
./2023/december/16/index.org	Wearing Her Ugly Dress	https://www.youtube.com/embed/Cu9qvlwJxlE
./2023/december/16/index.org	Helping Daddy Do Laundry	https://www.youtube.com/embed/Zu0NBU7SFWw
./2023/december/16/index.org	Being Just Too Cute	https://www.youtube.com/embed/MttC0qjTkUg
./2024/january/23/index.org	Putting Away Coins No Problem	https://www.youtube.com/embed/Wy_0Z_O67PI?si=CHWNdfXqs2isS6_E
./2023/december/04/index.org	Using Cup Like Big Girl	https://www.youtube.com/embed/vvJG1j3HxfQ
./2023/december/04/index.org	Refusing Daddy Kisses	https://www.youtube.com/embed/LEZsTACE5r0
./2023/december/04/index.org	Putting Blocks Away Correctly	https://www.youtube.com/embed/jDatJqaxQLQ
./2023/december/04/index.org	Baby Meat	https://www.youtube.com/embed/pNqRGb6_u74
./2023/december/04/index.org	Trying To Make Her Biceps Huge	https://www.youtube.com/embed/FAmumJD28Eg
./2023/december/04/index.org	Eating Almonds	https://www.youtube.com/embed/0i9PNtQ07gU
./2023/december/15/index.org	Eating Breakfast With Spoon	https://www.youtube.com/embed/8vdlP9KefUg
./2023/december/15/index.org	Messing With Dinner Bowl	https://www.youtube.com/embed/HxBw_twqUJU
./2023/december/15/index.org	Watching Music On Daddys Lap	https://www.youtube.com/embed/HjyGhboXank
./2023/december/15/index.org	Saying Noumena	https://www.youtube.com/embed/4OS4noCvmkY
./2024/june/15/index.org	Saying Hi To Grasshopper	https://www.youtube.com/embed/WxlVMnrT2E4
./2024/june/15/index.org	Riding Unicorn In Cracker Barrel	https://www.youtube.com/embed/Vu0HaBQPVkA
./2024/june/15/index.org	Playing With Bubbles In Cracker Barrel Bathroom	https://www.youtube.com/embed/LOHMG3NDulk
./2024/june/15/index.org	Going Down Slide Into Pool	https://www.youtube.com/embed/hcYzukTXKsM
./2024/june/15/index.org	Sliding Into Daddy In Pool	https://www.youtube.com/embed/rtX45rPUOBk
./2024/june/15/index.org	Playing At Riverside Park	https://www.youtube.com/embed/U02Wd7U8bd8
./2024/june/15/index.org	Grass Dance At Riverside Park	https://www.youtube.com/embed/smK24kCBVtI
./2023/december/01/index.org	Romanian Body Builder	https://www.youtube.com/embed/mgFAzCyQlIc
./2023/december/01/index.org	Playing With Owl On Bed	https://www.youtube.com/embed/9MKTFf-SPzo
./2023/december/01/index.org	So Much Energy At Dinner	https://www.youtube.com/embed/QDC1njKCHDU
./2023/december/01/index.org	Scaring Noumena While Eating	https://www.youtube.com/embed/AZQ2-wKQtgI
./2023/december/01/index.org	Running Around The House	https://www.youtube.com/embed/IUukzGWI7Tg
./2023/december/01/index.org	Spooking Noumena	https://www.youtube.com/embed/4OZpNFMQmxw
./2023/december/01/index.org	Playing In The Bedroom	https://www.youtube.com/embed/CoXO7dLHhl4
./2023/december/01/index.org	Playing Daddys Guitar	https://www.youtube.com/embed/uSzhT5aE9MQ
./2023/december/01/index.org	Making Funny Noises On Daddys Shoulders	https://www.youtube.com/embed/p7B6jMVh2wk
./2023/december/29/index.org	YouTube video player	https://www.youtube.com/embed/zk7OZJOGhhc?si=m8CaAajebyOl3M4z
./2023/december/29/index.org	YouTube video player	https://www.youtube.com/embed/rCpGXrh1N6o?si=vI4BlbyAjHRIhMP2
./2023/december/29/index.org	YouTube video player	https://www.youtube.com/embed/bvmd8XyFvwQ?si=WFPiyAusBeOBJWGU
./2023/december/29/index.org	YouTube video player	https://www.youtube.com/embed/cdp65udHqr0?si=ke5B7sdI7Qri6Eg4
./2024/march/30/index.org	Stick Collecting At Tidewater Acres Park	https://www.youtube.com/embed/zCbGQlGqmE0
./2024/march/30/index.org	Swinging And Making Daddy Slide	https://www.youtube.com/embed/fL8mfWBsrMk
./2024/march/30/index.org	Jumping Back And Forth At Tidewater Acres Park	https://www.youtube.com/embed/knVK15meHjA
./2024/march/30/index.org	More Jumping At Tidewater Acres Park	https://www.youtube.com/embed/xKzblwAWr8M
./2024/march/30/index.org	More Stick Collecting At Tidewater Acres Park	https://www.youtube.com/embed/AHCnY6iVoGk
./2024/march/30/index.org	Lunch With Daddy	https://www.youtube.com/embed/L_pPKa0uuCA
./2024/march/30/index.org	Noumena Saying Fuck Yeah At Dinner	https://www.youtube.com/embed/YJCLq1yeMRI
./2024/march/30/index.org	Running And Jumping At Dinner	https://www.youtube.com/embed/2HO4hFDTTtA
./2024/march/30/index.org	Playing Out Front	https://www.youtube.com/embed/QWuJypKarBg
./2024/march/30/index.org	Walking With Sticks To Park	https://www.youtube.com/embed/GloC6Xrivvs
./2024/january/22/index.org	Eating Soup Messily	https://www.youtube.com/embed/Mb7Eei8yHZY?si=-cWW3NTYmK2QZPig
./2024/january/22/index.org	Making A Mess With Soup And Bread	https://www.youtube.com/embed/KAJQMFW9gJs?si=zmr3XPPRVBqzY9h5
./2023/december/13/index.org	Trying To Get Noumena To Do Peek A Boo	https://www.youtube.com/embed/_THWKZRKy44
./2023/december/13/index.org	Noumena Babbles Beautifully	https://www.youtube.com/embed/CBnLvJmpApc
./2023/december/13/index.org	Eating Lemon	https://www.youtube.com/embed/DDECWbrGh5c
./2023/december/13/index.org	Playing In Parking Lot	https://www.youtube.com/embed/1C29UKQymiU
./2023/december/13/index.org	Doing Spins	https://www.youtube.com/embed/JgMrmyXTh7w
./2023/december/13/index.org	Playing In Walmart	https://www.youtube.com/embed/7LtbDG9Qgg8
./2023/december/09/index.org	Jacksonville Arboretum Lights 1	https://www.youtube.com/embed/AgHsiep2GhU?si=Ov3vhkf4vBb_K2I2
./2023/december/09/index.org	Walking With Mommy Jacksonville Arboretum LIghts	https://www.youtube.com/embed/u0LRPrABiTw?si=YkEg0eK_2XfyK_A-
./2023/december/09/index.org	Walking Into Lights Jacksonville Arboretum	https://www.youtube.com/embed/7tg_iOTA-hg?si=2mSkbZvfVjK4FfeK
./2023/december/09/index.org	Wandering Around Jacksonville Arboretum Lights	https://www.youtube.com/embed/boCFGI4lwzM?si=vljN-dMms-rmYMh0
./2023/december/09/index.org	Jacksonville Arboretum Lights 2	https://www.youtube.com/embed/pQoiR9tmDzE?si=m0wSU7HSzGFKd3Sk
./2023/december/09/index.org	Listening To Christmas Music Jacksonville Arboretum Lights	https://www.youtube.com/embed/1L9kESmQGGE?si=ymB-hLI_iRLvKUrh
./2024/january/21/index.org	YouTube video player	https://www.youtube.com/embed/byEASewWtQ8?si=sl12x1lEku6PoUga
./2024/january/21/index.org	YouTube video player	https://www.youtube.com/embed/B_mi0JQtQW0?si=-09OFgXfUHt0j-oP
./2023/november/30/index.org	Being Goofy Before Daycare	https://www.youtube.com/embed/Ua5ZZ-Zuor0
./2024/june/14/index.org	Swinging With Leaves At Park	https://www.youtube.com/embed/AnF9IwURDWg
./2024/june/14/index.org	Holding Her Body Weight With Hands	https://www.youtube.com/embed/JyWtXksd7-k
./2023/december/28/index.org	YouTube video player	https://www.youtube.com/embed/ijT98jz3bfE?si=qXIFTEQ5rMCWhuCN
./2023/december/28/index.org	YouTube video player	https://www.youtube.com/embed/pnErxHM5E5I?si=xSttLwQQDnSRbKTg
./2023/december/28/index.org	YouTube video player	https://www.youtube.com/embed/_vUT8oat0u0?si=hAaPk4g-MKTCf8x7
./2023/december/28/index.org	YouTube video player	https://www.youtube.com/embed/HQG0GHdBUSM?si=CIogq8GlYprUEVHl
./2023/december/28/index.org	YouTube video player	https://www.youtube.com/embed/jCS9d4tGGsI?si=UuI-gQQiJ2trcLEN
./2023/december/28/index.org	YouTube video player	https://www.youtube.com/embed/FxsTCb6ahqM?si=WLERLuyD7PoJDcF1
./2024/june/13/index.org	Playing Independently Outside	https://www.youtube.com/embed/pjKVPth6SNo
./2023/november/29/index.org	Bouncing In The Morning	https://www.youtube.com/embed/zLy6EvlA2b8
./2023/november/29/index.org	Refusing To Eat Mac And Cheese	https://www.youtube.com/embed/Jxw-4ivcWcc
./2023/november/29/index.org	In Crib Wtih Chalmers	https://www.youtube.com/embed/iHo-RPGqRQE
./2023/november/29/index.org	Watching Daddy Wrestle With Chalmers	https://www.youtube.com/embed/7EE0OanQlVs
./2023/november/29/index.org	Putting Away Coins	https://www.youtube.com/embed/MYwItOeDVUw
./2023/november/29/index.org	Making Animal Noises	https://www.youtube.com/embed/TyxsTB1O-tM
./2023/november/29/index.org	Putting Laundry Away Herself	https://www.youtube.com/embed/3rUncATt1z8
./2023/november/29/index.org	Daddy Licking Noumenas Face	https://www.youtube.com/embed/oqh9F2UtPVk
./2023/december/27/index.org	YouTube video player	https://www.youtube.com/embed/4XkutbNJ5rY?si=si6go8srsAcjDZlr
./2023/december/27/index.org	YouTube video player	https://www.youtube.com/embed/m4Nnb39_Wmg?si=3E0Ht6epC72QMHfC
./2023/december/27/index.org	YouTube video player	https://www.youtube.com/embed/m74YN6k92mc?si=xi5hyu3rH3aVQUj3
./2023/december/27/index.org	YouTube video player	https://www.youtube.com/embed/4KYOei7l6bE?si=4emGtkmOINxyp0TW
./2023/december/27/index.org	YouTube video player	https://www.youtube.com/embed/UHH843yk0y8?si=ELC_siquzc_FKaGh
./2024/january/16/index.org	Making Mess At Dinner	https://www.youtube.com/embed/1DC3Qtr-BdA?si=Ve5zI1WxJHRE6zr_
./2024/january/16/index.org	Loving New Maps With Daddy	https://www.youtube.com/embed/L9PtickFKS4?si=5Mgw5zqdif5M3Tjm
./2024/january/16/index.org	Using Walking Stick	https://www.youtube.com/embed/kXzzpcAF59g?si=B2nEPgSIzoquxqtC
./2023/november/27/index.org	Fighting Over Her Bottle	https://www.youtube.com/embed/tP9ns3yd4VQ
./2024/june/12/index.org	Walking Around With Thing On Her Head	https://www.youtube.com/embed/N4X6CZxFa3o
./2024/june/12/index.org	Hiding In Cabinets	https://www.youtube.com/embed/jLwqCeS6B8E
./2025/january/08/index.org	Playing Alone In Room Without Daddy Knowing	https://www.youtube.com/embed/tJMTu4CNsiI
./2023/december/26/index.org	YouTube video player	https://www.youtube.com/embed/U2l0fW3HxV8?si=Eroo59-DI4acQTMW
./2023/december/26/index.org	YouTube video player	https://www.youtube.com/embed/3fSqDZjtNVM?si=dZAof4L01rA7BFFS
./2024/june/11/index.org	Eating Vegan Hot Dogs With Daddy	https://www.youtube.com/embed/c7lgVmpIsTA
./2024/june/11/index.org	Drinking Water On Stove	https://www.youtube.com/embed/MUZmSaM2N08
./2024/june/11/index.org	Dealing With Booboos	https://www.youtube.com/embed/jrDFVvFywok
./2024/june/11/index.org	Those Bastards Cut Down The Trees	https://www.youtube.com/embed/WWbw7a66YPk
./2024/june/09/index.org	She Needs Her Knife Back	https://www.youtube.com/embed/Sm2LYYX7XT4
./2024/june/09/index.org	Going Down Slide Into Pool	https://www.youtube.com/embed/qz6wb3ZSfHA
./2024/june/09/index.org	Chasing Mommy With Lion	https://www.youtube.com/embed/-_kJiCfkb8c
./2024/january/15/index.org	Saying Butt	https://www.youtube.com/embed/w3rkQ5iz_Fo
./2024/january/15/index.org	Playing With The Neighborhood Doggys	https://www.youtube.com/embed/1yfctPhXsgg?si=JqxzKMps6AfxwZAY
./2024/january/15/index.org	Playing In Her Bedroom	https://www.youtube.com/embed/6gWjmG1tdUY?si=plzzoIDDb4fSfzjZ
./2024/january/15/index.org	Making A Huge Mess With Christmas Decorations	https://www.youtube.com/embed/1natKUu91xc?si=HBBjMLk7XS_rC6eo
./2024/january/15/index.org	Mouth Noises	https://www.youtube.com/embed/Sw-85AaZcXc?si=fVsyNq9a3wjSVIJQ
./2023/november/28/index.org	Eating Chips With Friends	https://www.youtube.com/embed/z0gc5F2W4I8
./2023/november/28/index.org	Eating Tomato Soup And Making A Mess	https://www.youtube.com/embed/P6ZYyeZrvXU
./2023/november/28/index.org	Going Through Her Catapiller	https://www.youtube.com/embed/zvAZH54k2X8
./2023/november/28/index.org	Making A Mess With Kisas Food	https://www.youtube.com/embed/KMRnHo8xzj0
./2023/november/28/index.org	Making Mouth Noises	https://www.youtube.com/embed/Bz-T_gnIwZ8
./2023/december/25/index.org	YouTube video player	https://www.youtube.com/embed/_O2bXfkSwFc?si=svfEnzMbO-DGJctH
./2023/december/25/index.org	YouTube video player	https://www.youtube.com/embed/jymrmXw_1K0?si=cwyfy3s0KcWWMHTc
./2023/december/25/index.org	YouTube video player	https://www.youtube.com/embed/kGPGWCODphk?si=qKS6P0VIfBmhVnpr
./2023/december/25/index.org	YouTube video player	https://www.youtube.com/embed/NMGDITPXkKE?si=iqoUSuCNwPF_wbZW
./2023/december/25/index.org	YouTube video player	https://www.youtube.com/embed/no7VHOtfcfw?si=vNrfwN6RKbYfPHEG
./2023/december/25/index.org	YouTube video player	https://www.youtube.com/embed/-koDSKqmEFc?si=cZwZ9b7yGO9wFPG6
./2023/december/25/index.org	YouTube video player	https://www.youtube.com/embed/tuCD-qJWLic?si=cm_C7J5ORFgg_XN4
./2023/december/25/index.org	YouTube video player	https://www.youtube.com/embed/5K0AhagMjcc?si=qOIbz_79GXxB4gla
./2023/december/25/index.org	YouTube video player	https://www.youtube.com/embed/PYYmVHzSnUg?si=jVDXmfOL39CwC2Kb
./2023/december/25/index.org	YouTube video player	https://www.youtube.com/embed/jnql6u8vQCc?si=wt8zg-0i6O4ehTmW
./2023/december/25/index.org	YouTube video player	https://www.youtube.com/embed/OoYd-nak8Cs?si=qwMVouipYD217hHH
./2024/march/29/index.org	YouTube video player	https://www.youtube.com/embed/VCPQS8FgSqs?si=xB-ofwqCMHpnuA8D
./2024/march/29/index.org	YouTube video player	https://www.youtube.com/embed/AOh-tnKM5co?si=BrD-MtLE2F3n3jFM
./2024/march/29/index.org	YouTube video player	https://www.youtube.com/embed/_kZE5zpsxh4?si=TKeeuyuOZHsiLdA5
./2024/january/08/index.org	Noumenas Hair Cute At Breakfast	https://www.youtube.com/embed/6XsiHi2SdJo?si=mvSCLycWU_l29f3T
./2024/january/08/index.org	Folding Laundry	https://www.youtube.com/embed/WYcQLVdRMdI?si=SZ9NIOA5CAZ26YoD
./2024/january/08/index.org	Playing At Dinner	https://www.youtube.com/embed/bTo1IHAOKA4?si=JDtuS62Y13hYQQf3
./2024/january/08/index.org	Eating Vegan Ice Cream	https://www.youtube.com/embed/2tTo8ABOZKQ?si=CHrfxh4plgUC7rAA
./2024/january/08/index.org	Balancing	https://www.youtube.com/embed/l36aI2aiQJQ?si=M2586ismtSDne6KW
./2024/june/18/index.org	fNoumena Performing Song She Learned At Daycare	https://www.youtube.com/embed/YLwvPK7moFA
./2023/november/25/index.org	Picking On Daddy In The Morning	https://www.youtube.com/embed/2dAAXWaUw7U
./2023/november/25/index.org	Touching Daddys Nipples	https://www.youtube.com/embed/TAa98gEXV1s
./2023/november/25/index.org	Saying Words	https://www.youtube.com/embed/IZSM48IVul8
./2023/november/25/index.org	Saying More Words	https://www.youtube.com/embed/bvpriFOhLic
./2024/january/14/index.org	Saying Butt	https://www.youtube.com/embed/w3rkQ5iz_Fo
./2024/january/14/index.org	Watching New Maps	https://www.youtube.com/embed/CdHI36EJTvA?si=CDj_HEXc5zdNzlty
./2024/january/14/index.org	Wandering At Lovelace Park	https://www.youtube.com/embed/86C4mP_ktHE?si=4Hn8KkJlsP3ALQMx
./2024/january/14/index.org	Playing On Playground At Lovelace Park	https://www.youtube.com/embed/caSkEPck-4E?si=Jk79K-7gNf07EO8p
./2024/january/14/index.org	More Wandering AT Lovelace Park	https://www.youtube.com/embed/ruuCPaLRUNU?si=mzytQ9GjnaQzc-7P
./2024/january/14/index.org	Pointing At Daddys Shirt	https://www.youtube.com/embed/dsqAovzdydA?si=blAKFQlA9IIxlxPB
./2024/january/14/index.org	Sharing Crumbs	https://www.youtube.com/embed/nOw3bOtQNG8?si=gf3WVWtFfuvnmWdg
./2024/january/14/index.org	Cold In Florida	https://www.youtube.com/embed/WSlqgn3JdJQ?si=J8_dIUGCdjCqJVBb
./2024/january/14/index.org	Balancing	https://www.youtube.com/embed/GPVk0MyAmjY?si=50GWuRMtBvW6kqmu
./2024/january/14/index.org	Pulling Daddys Hood Down	https://www.youtube.com/embed/OuPxTHAGqh0?si=09ea3o58EFkjfQbW
./2024/january/14/index.org	Playing In CVS	https://www.youtube.com/embed/KPtSaMDVwb4?si=O_encCMXVMv7e_Vx
./2024/january/07/index.org	Swinging Tidewater Acres Park	https://www.youtube.com/embed/2EDNSM31YRU?si=uzpt4_hL0FEAS1DA
./2024/january/07/index.org	Saying Bye To Daddy The Returning	https://www.youtube.com/embed/J5dL1rwoWnw?si=qU87P5Ik0fibP84Y
./2024/january/07/index.org	Playing With The Gate Tidewater Acres Park	https://www.youtube.com/embed/cNPajilAJ9o?si=4hEFNCsDgXItmvrz
./2024/january/07/index.org	Trying To Show Chalmers Cards	https://www.youtube.com/embed/yGmGXcvpDy4?si=Sg3msUBds3ifwDVU
./2024/january/07/index.org	Watching Daddy Play Guitar	https://www.youtube.com/embed/Yn4qq4J194o?si=7vmvQ_CmCS2e1XbZ
./2024/january/07/index.org	Running Around Arlingwood Park	https://www.youtube.com/embed/BSvJ2mP1MUE?si=Fbbzob62WMfyA2Pc
./2024/january/07/index.org	Dancing To Tigran	https://www.youtube.com/embed/4Umk0_pkKjY?si=bTha3FUmj5xvEnhE
./2024/january/07/index.org	More Listening To Tigran	https://www.youtube.com/embed/RSJUEPBdUEw?si=n3WWbN1jOnhgWw6h
./2024/january/07/index.org	Dancing To Meshuggah	https://www.youtube.com/embed/nkz3RHfSwKo?si=OmkdH_l8mKqjxBKB
./2024/january/07/index.org	Wandering Around Lovelace Park	https://www.youtube.com/embed/CaWfMpfrJDQ?si=sBTzFG-cAqYok6ef
./2024/january/07/index.org	Making Chalmers Chase Her With Food	https://www.youtube.com/embed/KeCtqLOtfy8?si=CMo-MJjY9dDgcAG9
./2024/june/17/index.org	Watching Female Black Crowned Night Heron	https://www.youtube.com/embed/_EatD3tvuEE
./2024/june/17/index.org	Playing At Riverside Park	https://www.youtube.com/embed/wY_zxXJkakg
./2023/november/26/index.org	Giving Chalmers Kisses On Bed	https://www.youtube.com/embed/cBvdkTsjyNI
./2023/november/26/index.org	Watching Tigran	https://www.youtube.com/embed/yXUWW6xc6oU
./2023/november/26/index.org	Giving Daddy Kisses	https://www.youtube.com/embed/d6tZBu0KJ-s
./2023/november/26/index.org	Eating Tomato Soup With Crackers	https://www.youtube.com/embed/F53JHtvsRFM
./2023/november/26/index.org	Pulling Her Down On Bed	https://www.youtube.com/embed/DX3HTrY9agE
./2023/november/26/index.org	Peeking Out The Window	https://www.youtube.com/embed/16gqNAAv_5o
./2023/november/26/index.org	Playing Inside Her Crib	https://www.youtube.com/embed/6rEfx7X8pFY
./2023/november/26/index.org	Coming At Daddy Giving Him Kisses	https://www.youtube.com/embed/eroEMhf_CH4
./2023/november/26/index.org	Sweeping The Floor	https://www.youtube.com/embed/qB-ea9toF_U
./2023/november/26/index.org	Getting Rained On Heading Into Walmart	https://www.youtube.com/embed/JeC-13fQxzA
./2023/november/26/index.org	Pushing Cart At Walmart	https://www.youtube.com/embed/8xG2yEHxkQ0
./2023/november/26/index.org	Playing With Toys At Walmart	https://www.youtube.com/embed/pypcZw7PYuE
./2023/december/23/index.org	YouTube video player	https://www.youtube.com/embed/-sLaVQvb-PI?si=8ReOKmlXt6Z5lJqv
./2023/december/23/index.org	YouTube video player	https://www.youtube.com/embed/fLzkUAmzTfc?si=DNVYuSqTEy0G3Yaf
./2023/december/23/index.org	YouTube video player	https://www.youtube.com/embed/6zdtYEUxkY4?si=hOL_eTfaKwX7lA6e
./2023/december/23/index.org	YouTube video player	https://www.youtube.com/embed/e09XcikIZMk?si=CvuxRqDdD6MGwTr7
./2023/december/23/index.org	YouTube video player	https://www.youtube.com/embed/ZHAwpd4PQVU?si=sLxRHSkRHZiHeBX0
./2023/december/23/index.org	YouTube video player	https://www.youtube.com/embed/477_YrcG9VE?si=vfJRtuAIY0h8zEpU
./2023/december/23/index.org	YouTube video player	https://www.youtube.com/embed/gUdYKocb34A?si=CbZ13ecYH4BzuW8o
./2023/december/23/index.org	YouTube video player	https://www.youtube.com/embed/WqMk9zMNBP0?si=h37JryqskNh3Q_oM
./2023/december/23/index.org	YouTube video player	https://www.youtube.com/embed/BHD5eSaaTU0?si=wbia4mlew5FjC5aq
./2023/december/23/index.org	YouTube video player	https://www.youtube.com/embed/P_24FFdC5jU?si=vnLxv19tOtaopsOV
./2023/december/23/index.org	YouTube video player	https://www.youtube.com/embed/YIrtGk0ylmc?si=GH69BwZ1hlSBYzvm
./2023/december/23/index.org	YouTube video player	https://www.youtube.com/embed/CAKxq0I2UfY?si=e-RYPjNiLZf-r836
./2023/december/23/index.org	YouTube video player	https://www.youtube.com/embed/Ld79cV2-jS8?si=FRvxzo_EtcOKhluf
./2024/january/13/index.org	Searching For Kisa	https://www.youtube.com/embed/_gbdjch1fIg?si=QLTYrCV6aH1Melds
./2024/january/13/index.org	Inspecting Plants	https://www.youtube.com/embed/OhJmwk2kFm8?si=iearzDdmpx9_xEx6
./2024/january/13/index.org	Dancing To Entertain Me	https://www.youtube.com/embed/cugVUEZr6h8?si=A_wBmz34X90ED-pa
./2024/january/13/index.org	Wrestling With Noumena	https://www.youtube.com/embed/VWkcYrayLBM
./2024/january/13/index.org	More Wrestling With Daddy	https://www.youtube.com/embed/2-Q077xgbHI?si=yWNpsVWnHtgv1tZN
./2024/january/13/index.org	Dancing To Red Miso	https://www.youtube.com/embed/p74OTCmqYhk?si=pBEDKLDcl_L3zuSv
./2024/january/13/index.org	Putting Cards In Card Reader Independently	https://www.youtube.com/embed/8I7SqV8VB9s?si=sD4PWWt9gNNAVR4q
./2024/january/13/index.org	Experimenting At Bath Time	https://www.youtube.com/embed/dsc7T8vmQSc?si=sPJTQdbfH3BvJhtY
./2024/january/12/index.org	Laying On The Floor While Daddy Plays	https://www.youtube.com/embed/37P3Rd9yIqM
./2024/january/12/index.org	Bringing Diapers Into Bedroom	https://www.youtube.com/embed/5a3wCxpO4h8
./2024/january/06/index.org	Finishing Up Breakfast And Helping Daddy Clean	https://www.youtube.com/embed/omIiayyGl-o?si=GSArroT4XPt6qu9E
./2024/january/06/index.org	Saying Snake Playing With Flash Cards	https://www.youtube.com/embed/x9KYFlhWDoo?si=VbtZxHpXlp_nKH5_
./2024/january/06/index.org	Walking Around The Jacksonville Arboretum	https://www.youtube.com/embed/XrZb_KaO6eA?si=cIKkf5pWxE083wxw
./2024/january/06/index.org	Making A Huge Mess	https://www.youtube.com/embed/IiGRSR7NsAw?si=PalwDZYPLegXNvpz
./2024/january/06/index.org	Grabbing Daddys Head	https://www.youtube.com/embed/mVVkx93UihM?si=f-yO9ZlK1kO8-iUI
./2024/january/06/index.org	Trying To Put On Pants	https://www.youtube.com/embed/SoAL4iS6pFM
./2024/march/28/index.org	YouTube video player	https://www.youtube.com/embed/0D5mSrbqw-Q?si=PQ_ZZU9haYbz6gGe
./2024/march/28/index.org	YouTube video player	https://www.youtube.com/embed/GVg2Peg2pSI?si=8xnALwjuRnqxro0y
./2023/december/22/index.org	YouTube video player	https://www.youtube.com/embed/Z8WzN9Qro0U?si=opwidm1_uEroiS0j
./2024/june/16/index.org	Being Cute With Her Witch	https://www.youtube.com/embed/scfJeu4ePdE
./2024/june/16/index.org	Giving Daddy His Fathers Day Present	https://www.youtube.com/embed/7qfpfJM81jA
./2024/june/16/index.org	Being Sick Resting With Daddy	https://www.youtube.com/embed/ZORBt6uTV8k
./2024/june/16/index.org	Feeding Her Witch Applesauce And Playing	https://www.youtube.com/embed/UqqLa-S992c
./2024/june/16/index.org	Feeding Chalmers	https://www.youtube.com/embed/2arQrG9v0bM
./2024/june/16/index.org	Giving Chalmers Love	https://www.youtube.com/embed/aj70YMZ1KJ4
./2024/june/16/index.org	Putting Necklaces On Chalmers	https://www.youtube.com/embed/7eB7Q4-88GA
./2024/january/11/index.org	Putting Cards In Card Reader	https://www.youtube.com/embed/GO-n7yRqv2U?si=5Ou8XQ3DUnft233G
./2024/january/11/index.org	More Putting Cards In Card Reader	https://www.youtube.com/embed/8d7L3p7pVfg?si=WkQ4a_Obe5m-wFhz
./2024/january/11/index.org	Pushing Her Vacuum	https://www.youtube.com/embed/8LT7iG9OPiQ?si=z26rVARE0I6L-1bd
./2024/january/11/index.org	Jumping With Daddy	https://www.youtube.com/embed/KIaHW-4e4fc?si=e6snHWaCNn4vU5f0
./2024/january/11/index.org	Running With Daddy Being Goofy	https://www.youtube.com/embed/WGXgpL4UR9A?si=adr8jAcO-qLuFU3R
./2024/january/11/index.org	Little Head Bonk	https://www.youtube.com/embed/clldPIoy2Ak?si=GRjStpD1Y1YNoeyR
./2023/november/23/index.org	Dancing With Blankies	https://www.youtube.com/embed/vsISgVcT76k
./2023/november/23/index.org	Making Noises With Mouth	https://www.youtube.com/embed/IWSCyT6ixB8
./2023/november/23/index.org	Screaming On Bed	https://www.youtube.com/embed/zx1LzEhcWec
./2023/november/23/index.org	Getting Caught Under Crib	https://www.youtube.com/embed/SbaDTKN8pMk
./2023/november/21/index.org	Watching Fire With Noumena	https://www.youtube.com/embed/y9BipPJLKsc
./2023/november/21/index.org	Listening To Worship Songs	https://www.youtube.com/embed/3-tWsz4KDYo
./2023/november/21/index.org	Being Gentle With Kisa	https://www.youtube.com/embed/9WjyRVSn17Q
./2023/december/21/index.org	YouTube video player	https://www.youtube.com/embed/I3_K7dA4cfY?si=ufIPkrDLBRQiqneO
./2023/december/21/index.org	YouTube video player	https://www.youtube.com/embed/rbtR5e8vy4U?si=MpdlaCs-hLtPRiVJ&amp;controls=0
./2023/december/21/index.org	YouTube video player	https://www.youtube.com/embed/S5P8ZQfGSsE?si=GfNTzCsiX7eNCVwv
./2023/november/20/index.org	Eating Raw Onion	https://www.youtube.com/embed/skYe4nLEZYE
./2023/november/20/index.org	Eating Rice And Beans	https://www.youtube.com/embed/szQnnJJv2oI
./2023/november/20/index.org	Playing In Noumenas Tent	https://www.youtube.com/embed/ZfBbGJxopew
./2023/november/20/index.org	Playing in Church Parking Lot	https://www.youtube.com/embed/EVIdsdGmJTM
./2023/november/20/index.org	Feeding The Pets	https://www.youtube.com/embed/4MxuC4ufsh4
./2024/january/10/index.org	Shutting The Door On Daddy	https://www.youtube.com/embed/u08kqThvuos?si=PRXI93UxNv7concE
./2024/january/10/index.org	Playing Peek A Boo With Blankets In Crib	https://www.youtube.com/embed/d1M0rjPRfjU?si=JHzBIRLun17X9sBq
./2024/january/05/index.org	Playing With Cards	https://www.youtube.com/embed/xOjPQtW-ooc?si=wdFd9a_Qk0yRrEyc
./2024/january/05/index.org	Eating Dinner Looking Outside	https://www.youtube.com/embed/6evyRLNc0SE?si=btgCK9ajnizlkE49
./2024/january/05/index.org	Pouring Soymilk In Food	https://www.youtube.com/embed/UKG6Rtw3EJI?si=N1gF4dgy-aOqeFg_
./2024/january/05/index.org	Putting Her Macaroni In Her Soymilk	https://www.youtube.com/embed/YJSs2NIt3n4?si=s2zpN7UqnJNNTD83
./2024/january/05/index.org	Picking Out Books To Read	https://www.youtube.com/embed/ZDEdfjRwVYI?si=jMI_NAPL5tFNcyFa
./2024/january/05/index.org	Helping Daddy Sweep Up	https://www.youtube.com/embed/CUnz2xmjQQ0?si=URC1FK5yzEx-L3QR
./2024/january/05/index.org	Running After Daddy	https://www.youtube.com/embed/9WVKteVrciQ?si=Xmm8HPt1cYafHLBY
./2024/january/05/index.org	Saying Candy Cane	https://www.youtube.com/embed/3mFUijMwyA8?si=pCQBAJ7IIJXvOxGH
./2024/january/05/index.org	Looking At Christmas Lights	https://www.youtube.com/embed/2BYoYYuDnLY?si=9dwAAS1KG28_0RtE
./2024/january/05/index.org	Climbing The Stairs All By Herself	https://www.youtube.com/embed/WHnser5SQKQ?si=yLQKo-1rwSd_jBz4
./2024/january/05/index.org	Saying Goodbye To Bush	https://www.youtube.com/embed/7W7VF5ojbLc?si=rZSM9EF1KiJ9zdp_
./2024/january/05/index.org	Ants Go Marching	https://www.youtube.com/embed/Qkluh2inrfs
./2024/january/05/index.org	Loving On Kisa	https://www.youtube.com/embed/0GAcoCEvoWk?si=kQAyx5Mufwxt6DpB
./2024/january/05/index.org	Wrestling With Daddy	https://www.youtube.com/embed/FsW8vSUy-i0?si=Jp2C1zD5qmZXa44U
./2024/january/05/index.org	Hugging Chalmers	https://www.youtube.com/embed/xml1-Z3YTT0?si=d-FlWCGKCUTux5FK
./2024/march/27/index.org	More Pasta	https://www.youtube.com/embed/nq6JpNqPoiA?si=_ltR1ww5UaqVShST
./2024/march/27/index.org	YouTube video player	https://www.youtube.com/embed/JP_E_rMIGNQ?si=HQ9-Lbf0tU7GGx_A
./2024/march/27/index.org	Noumena Says She Loves Me	https://www.youtube.com/embed/oOU1esNM6Fc?si=iMeTGqCPzfERQg0Z
./2024/march/27/index.org	Back For More Dancing Like A Goof	https://www.youtube.com/embed/_c-PoP11L6c?si=DJNdZQ_WSL8MI8Ln
./2024/march/27/index.org	Banging Fist For More Pasta	https://www.youtube.com/embed/d-XYcc30Q-A?si=UukG5rttxTwd9uRm
./2024/march/27/index.org	YouTube video player	https://www.youtube.com/embed/8n-0J-_SH7Q?si=BgiAYRb7Cf0c0ZOe
./2024/january/04/index.org	Reading At Daycare	https://www.youtube.com/embed/4bAiSTpKEUA?si=CrwHWnSYF2Rb6RZY
./2024/january/04/index.org	Explaining Noumenas Acrobatics	https://www.youtube.com/embed/sifDtNU4U9k?si=jnzwILduA9fxbfmA
./2024/january/04/index.org	Being A Little Acrobat	https://www.youtube.com/embed/u9b3bkgLWBA?si=Gxjx28E4p_DcYJ4a
./2024/january/04/index.org	Conducting To Tigran	https://www.youtube.com/embed/_EAAgA2ji4U?si=acsDcvsNNl-mShM4
./2023/november/19/index.org	Being Gentle With Kisa	https://www.youtube.com/embed/nPqaUZm0XNw
./2024/march/25/index.org	Playing With Gate	https://www.youtube.com/embed/9TDIpTHVcCs?si=Gwm_05kk7uCrH0S8
./2024/march/25/index.org	Trying To Put On Diapers	https://www.youtube.com/embed/rpIrjSR9Fg8?si=FAHTQ8o29koUSAiy
./2024/january/03/index.org	Rain Falling On Noumenas Face	https://www.youtube.com/embed/CMYHYwpA1Ow
./2024/january/03/index.org	Playing With Toys In CVS	https://www.youtube.com/embed/6iNfikAxnGI?si=k8Yc6RudaC9OASE8
./2024/january/03/index.org	Drinking More Soymilk	https://www.youtube.com/embed/z6napUz9_lU?si=UhCey6kpLey3dOwc
./2024/june/08/index.org	Spreading Out Her Mouth	https://www.youtube.com/embed/vC1EnlG02UY
./2024/june/08/index.org	Playing Around At Home	https://www.youtube.com/embed/sHX26AdWqCg
./2023/december/20/index.org	Eating Porridge All By Herself	https://www.youtube.com/embed/FNn78hHcBcw
./2023/december/20/index.org	Getting In The Car By Herself	https://www.youtube.com/embed/JK4_XihfgfY
./2023/december/20/index.org	YouTube video player	https://www.youtube.com/embed/LsvZ1Aks-4k?si=JiAd-Pume8pB3lci
./2023/december/20/index.org	YouTube video player	https://www.youtube.com/embed/cAq7_nMxeGQ?si=eUqXCjz7zWiXsCCs
./2023/december/20/index.org	YouTube video player	https://www.youtube.com/embed/h0ddbNtnGds?si=vexa6hUlNCHPKIpS
./2023/december/20/index.org	YouTube video player	https://www.youtube.com/embed/seAv_KgMwSY?si=UAtmjMux13-reQeV
./2023/december/20/index.org	YouTube video player	https://www.youtube.com/embed/M3wkt_YqFIA?si=47Qf0dUm55FJnuiB
./2024/january/09/index.org	Wandering Around At Bridge Near Home	https://www.youtube.com/embed/GxQ85zoX2Ik?si=fj9Xj21J60aIRK0r
./2024/january/09/index.org	Putting Away Sticks Toy	https://www.youtube.com/embed/QL99-OvQM0Q?si=by7X-Hr0Q92M8Zk2
./2024/january/09/index.org	Walking To CVS	https://www.youtube.com/embed/8F0rLMggzMw?si=7slefsToTMkAzS15
./2024/january/09/index.org	Playing In CVS	https://www.youtube.com/embed/bEStIZSmqMQ?si=n30cwschBrLBfn6P
./2023/november/18/index.org	Playing With Chalmers On Bed	https://www.youtube.com/embed/EjKAl0mPKvE
./2023/november/18/index.org	Playing With Friend Caleb	https://www.youtube.com/embed/Q7nfLRvVxQQ
./2023/november/18/index.org	Watching Bobby Jarzombek	https://www.youtube.com/embed/GZ5ptKRiAK0
./2023/november/18/index.org	About To Make Crazy Jump	https://www.youtube.com/embed/cr7E4Qltexo
./2023/november/18/index.org	Watching Polyphia	https://www.youtube.com/embed/N4w8O49ITy0
./2023/december/19/index.org	Watching More Tigran	https://www.youtube.com/embed/uWuLwKEw29I
./2023/december/19/index.org	Making A Mess From Her Clean Clothes	https://www.youtube.com/embed/dCoBoyFtga8
./2023/december/19/index.org	Piling Clothes Up	https://www.youtube.com/embed/8RySeNWhsyg
./2023/december/19/index.org	Being Wonderful To Kisa	https://www.youtube.com/embed/snX8vUiSymQ
./2024/march/26/index.org	Playing With New Dog Friend	https://www.youtube.com/embed/Qqr0s7_E0W4?si=2-9cUmWauIV4Ms6X
./2024/march/26/index.org	Petting Henry	https://www.youtube.com/embed/YO22QqBbX3c?si=c-uZqmyS9G1LsHQ4
./2024/march/26/index.org	Throwing Rocks	https://www.youtube.com/embed/rrsbvYyJDY0?si=Nykq38tM8nc3DUMf
./2024/march/26/index.org	Grabbing Rocks	https://www.youtube.com/embed/o9gZGlSpPmE?si=gN4svclA25bQNoQz
./2023/november/24/index.org	Build A Bear	https://www.youtube.com/embed/kjzjzqvEoxE
./2023/november/24/index.org	Mall Playground With Mommy	https://www.youtube.com/embed/54U5YS2UL2M
./2023/november/24/index.org	Searching For Her Bear	https://www.youtube.com/embed/1dRh3x9LFQ0
./2023/november/24/index.org	Saying Bye Bye To Mommy	https://www.youtube.com/embed/JywuOxBuwto
./2023/november/24/index.org	Playing With Her Owl In The Living Room	https://www.youtube.com/embed/bIZySLM6JT0
./2023/november/24/index.org	Trying To Fill Daddys Shoes	https://www.youtube.com/embed/dPmi3h1nykg
./2024/january/02/index.org	YouTube video player	https://www.youtube.com/embed/9mQxRgjEPKU?si=OGUw72Ib9k5KeC7Y
./2024/january/02/index.org	So Much Talking On Our Walk	https://www.youtube.com/embed/NFOsrmSHVj0?si=UirrTvzUAUcGBtxI
./2024/january/02/index.org	Chasing Daddys Shadow	https://www.youtube.com/embed/g_5nHHve09s?si=ATeIq3dBjgD7FyIL
./2024/january/02/index.org	Running Down Big Ramp	https://www.youtube.com/embed/he69VPWKskg?si=svlB6AnI3f9s_1Dp
./2024/january/02/index.org	Running With Daddy On Ramp	https://www.youtube.com/embed/RLCsMTFxYeA?si=OL-wnWGwbaRbAUu9
./2024/january/02/index.org	Pushing Her Chair Around	https://www.youtube.com/embed/i-BUBSUvpKw?si=qR2P1nt-wlasLvLd
./2023/december/18/index.org	Making Dinner With Mommy	https://www.youtube.com/embed/sYz_g7riK2I
./2023/december/18/index.org	Running Away From Daddy Trying To Clothe Noumena	https://www.youtube.com/embed/aN3YaHrqpSI
./2023/december/18/index.org	Being Crazy On A Walk	https://www.youtube.com/embed/SkMk47iG4Qw
./2023/december/18/index.org	Playing With Fingers	https://www.youtube.com/embed/ganAQcVoFEM
./2023/december/18/index.org	Loving Tigran	https://www.youtube.com/embed/R6U_bW3CCU4
./2024/june/07/index.org	Feeding Daddy And Cooking At Her Kitchen	https://www.youtube.com/embed/LpSniDuaUmo
./2024/march/12/index.org	Leaving Daddy Alone In Bed	https://www.youtube.com/embed/fIfu3K9dHzY
./2024/march/12/index.org	Feeding Chalmers	https://www.youtube.com/embed/KTTLLYf3VvI
./2024/march/12/index.org	Being Picky About Music	https://www.youtube.com/embed/lpqIGApdIEI
./2023/november/22/index.org	Playing In Living Room	https://www.youtube.com/embed/LGFfT4n7_mk
./2023/november/22/index.org	Giving Daddy A Hug	https://www.youtube.com/embed/i1i-TytUtyY
./2023/november/22/index.org	Picking On Noumena With Aspirator	https://www.youtube.com/embed/UWxDiJWe1nA
./2024/june/06/index.org	Playing On Benches At Cava	https://www.youtube.com/embed/shk1X1Vbu6c
./2024/june/06/index.org	Visiting Duckies	https://www.youtube.com/embed/Sa9OYLYV7p4
./2024/june/06/index.org	Hanging And Playing Like Crazy Girl Riverside Park	https://www.youtube.com/embed/e8ADxVLtZrI
./2024/june/06/index.org	Watching Turtle Swim	https://www.youtube.com/embed/Ob2LMswa_vs
./2023/november/17/index.org	Tickle Scratching Noumena	https://www.youtube.com/embed/Iz4j0qopi8o
./2023/november/17/index.org	Hide And Skeek With Shirt	https://www.youtube.com/embed/eylYCsyvobs
./2023/november/17/index.org	Acting Crazy Before Bed	https://www.youtube.com/embed/2Ky2hOZCtcs
./2024/january/01/index.org	YouTube video player	https://www.youtube.com/embed/gHT4nJQGxXU?si=_YVNmvQVJianG_P-
./2024/january/01/index.org	YouTube video player	https://www.youtube.com/embed/ivsc07nj9DM?si=u2N2T30-7wLQ53Cb
./2024/january/01/index.org	Pushing Leaves Through Platforms At Tidewater Acres Park	https://www.youtube.com/embed/opTOV23f68w?si=ansRtVJqo0Vat50-
./2024/january/01/index.org	Using Walking Stick At Tidewater Acres Park	https://www.youtube.com/embed/mrbAZE04FXI?si=5qDVf1SY5ch3kYON
./2024/january/01/index.org	Loving On Kisa	https://www.youtube.com/embed/iJQsdIac7Kc?si=upsHcpb6P1E0WhQ_
./2024/january/01/index.org	YouTube video player	https://www.youtube.com/embed/amjd9wo742A?si=reFqDIozymMvYB0l
./2024/january/01/index.org	Trying To Make Noumena Jealous Kissing Stuffed Animals	https://www.youtube.com/embed/QBMF8sdlxbE?si=pHJO_lJ0lKqgc2kk
./2024/march/04/index.org	More Mimicking Miss Rachel	https://www.youtube.com/embed/K8QxKLIEIzY
./2024/march/11/index.org	Asking If Noumena Wants To See Chris	https://www.youtube.com/embed/f4mwgrl15vU
./2024/march/11/index.org	Chris Spinning Noumena	https://www.youtube.com/embed/n5Dfx9wyQaY
./2024/march/11/index.org	Teeder Todder With Chris	https://www.youtube.com/embed/YUxToLAesXc
./2024/march/11/index.org	Spinning Another Little Girl At Park	https://www.youtube.com/embed/deiILrDNsak
./2024/march/11/index.org	Sliding On The Floor	https://www.youtube.com/embed/7lYdLdYxYis
./2024/march/03/index.org	Taking Care Of Sick Daddy	https://www.youtube.com/embed/trYIOirsU80
./2024/march/03/index.org	Reading The Bible	https://www.youtube.com/embed/tKzkuRPEwTM
./2024/march/01/index.org	Pushing Daddy Around	https://www.youtube.com/embed/au0_ypJ0UlY
./2024/march/01/index.org	Eating Rice And Beans	https://www.youtube.com/embed/E41qh_ud4OM
./2024/march/01/index.org	Playing With Ball With Daddy	https://www.youtube.com/embed/Cx5KA7dB3m8
./2024/march/01/index.org	Daddy Being Crazy	https://www.youtube.com/embed/VWd5_I00IMg
./2024/march/01/index.org	Bouncing With Daddy In Mirror	https://www.youtube.com/embed/OUV1pUAHcTo
./2024/march/10/index.org	Morning Playing Clowncore	https://www.youtube.com/embed/rxEY6IB-8r8
./2024/march/10/index.org	Rocking Out In The Morning	https://www.youtube.com/embed/-ltMcZj8BlE
./2024/march/10/index.org	Playing With Chairs	https://www.youtube.com/embed/nVzY6s6HU3w
./2024/march/10/index.org	Wandering Through Jacksonville Arboretum	https://www.youtube.com/embed/Xk5O2Q7UeD8
./2024/march/10/index.org	Jumping Into Daddys Arms	https://www.youtube.com/embed/M8nhuJR62no
./2024/march/10/index.org	Wiping Butt	https://www.youtube.com/embed/UrJzGl_xLzc
./2024/march/10/index.org	Feeding Chalmers	https://www.youtube.com/embed/3-fsbdLNXzQ
./2024/june/05/index.org	YouTube video player	https://www.youtube.com/embed/-4ovtlV_8MI?si=H961Hq443pQdd0Gd
./2024/june/05/index.org	YouTube video player	https://www.youtube.com/embed/ZTrB-MpxAiM?si=DALjyk4zvRH4BMIS
./2024/june/05/index.org	YouTube video player	https://www.youtube.com/embed/sGHrkX8kXp0?si=mgmhuyLCgoCziNxB
./2024/june/05/index.org	YouTube video player	https://www.youtube.com/embed/pq3q7v242oI?si=cfWV5k1hvUBYWPb_
./2024/march/07/index.org	Gym Day At School	https://www.youtube.com/embed/cb0I1Il3Wcs
./2024/march/07/index.org	Painting Eggs With Mommy	https://www.youtube.com/embed/-KuAz-ix00U
./2024/march/07/index.org	More Painting Eggs	https://www.youtube.com/embed/a5kncl4Uk7E
./2023/november/16/index.org	Noumena Pointing At The Animals In The Book	https://www.youtube.com/embed/hZ005Mzwhd4
./2023/november/16/index.org	Running Around With Her Books	https://www.youtube.com/embed/vxfoeRA18Nw
./2023/november/16/index.org	Wearing Daddys Shoes	https://www.youtube.com/embed/dZ_bZrgQTD0
./2024/february/29/index.org	Asking Noumena If She Pooped During Breakfast	https://www.youtube.com/embed/aq-gyuL8Kt8
./2024/february/29/index.org	Playing When She Cant See Daddy	https://www.youtube.com/embed/B07nxY-ME4g
./2024/february/29/index.org	Playing At Daycare Playground	https://www.youtube.com/embed/W_dg_r7cDlQ
./2024/february/29/index.org	Feeding The Pets Treats	https://www.youtube.com/embed/w0YbcyBjW_I
./2024/february/29/index.org	Feeding Chalmers Treats	https://www.youtube.com/embed/1UhE0NJp1z0
./2024/february/29/index.org	Making Cauliflower With Mommy And Daddy	https://www.youtube.com/embed/a4hUhqTWGQw
./2024/february/29/index.org	Making Pumpkin Pie With Mommy	https://www.youtube.com/embed/E6nn8dHLkL8
./2024/february/29/index.org	Eating Pumpkin Pie Filling	https://www.youtube.com/embed/k2bvNWqj5VY
./2024/march/09/index.org	Running Away From Daddy Trying To Get Noumena Dressed	https://www.youtube.com/embed/TUfjSPIYTXA
./2024/march/09/index.org	Playing With Swings	https://www.youtube.com/embed/NqmghwjHESc
./2024/march/09/index.org	Sitting In Front Seat With Daddy	https://www.youtube.com/embed/jz9FqEQjAHo
./2024/march/09/index.org	Helping Daddy Put Away Dishes	https://www.youtube.com/embed/n182kfxEYjA
./2024/march/09/index.org	Balancing On Rail	https://www.youtube.com/embed/pEzW68wIBL4
./2024/march/09/index.org	Pushing Daddy Down Slide	https://www.youtube.com/embed/T9qXp9y3Hw8
./2024/march/23/index.org	Playing With Wipes And Bear	https://www.youtube.com/embed/5XZR77_GY1I
./2024/march/23/index.org	More Vacuuming	https://www.youtube.com/embed/oEi5LM6o6ro
./2024/march/23/index.org	Playing In Just Diaper	https://www.youtube.com/embed/7QVsq7nMcq4
./2024/march/23/index.org	More Playing With Bear	https://www.youtube.com/embed/qVU0JCEUGYI
./2024/march/23/index.org	Playing With Cars In CVS	https://www.youtube.com/embed/IoJkPswfLOg
./2024/march/23/index.org	Laying In The Grass	https://www.youtube.com/embed/OTLTikYBKbc
./2024/march/23/index.org	Singing Stick Collector	https://www.youtube.com/embed/3a3F3rcbj3w
./2024/march/23/index.org	Noumena Getting Tuckered	https://www.youtube.com/embed/8SQnmowecuI
./2024/march/23/index.org	Arriving At Easter Bunny	https://www.youtube.com/embed/RD4G4yFGwf4
./2024/march/23/index.org	Playing In Toy Store	https://www.youtube.com/embed/aaQd5oEJoQ0
./2024/march/23/index.org	Wiping Her Baby At Dinner	https://www.youtube.com/embed/zq03Zka_Dtc
./2024/march/23/index.org	Crawling Under Bars	https://www.youtube.com/embed/tKeWOLArGDg
./2023/november/14/index.org	Messing With Non Toys	https://www.youtube.com/embed/mftK7Im49-w
./2022/april/26/index.org	Polyrhythms on Brand New Noumena	https://www.youtube.com/embed/PJvxztTldLA
./2023/november/02/index.org	Diaper Fight	https://www.youtube.com/embed/iY1_Vsm1u_E
./2023/november/13/index.org	Putting Her Books Away Like A Big Girl	https://www.youtube.com/embed/OmxtFSEfsss
./2023/november/13/index.org	Playing In Living Room	https://www.youtube.com/embed/SLjJVf9zH0A
./2023/november/13/index.org	If You Love Your Baby Girl	https://www.youtube.com/embed/doHzA638Js0
./2023/november/13/index.org	Playing With Noise Machine	https://www.youtube.com/embed/LFVM3HBozw0
./2023/november/13/index.org	Noumena Says No	https://www.youtube.com/embed/kZOgdSZMT5I
./2023/november/13/index.org	Pulling Chalmers Leash	https://www.youtube.com/embed/URhviT4yBIM
./2023/november/13/index.org	Listening To ABC	https://www.youtube.com/embed/YNMTByaiESE
./2023/november/13/index.org	Listening To Guthrie	https://www.youtube.com/embed/uIj1oLFVJh8
./2023/november/13/index.org	Listening To Ner Ner	https://www.youtube.com/embed/biWU0sXv-iY
./2023/november/12/index.org	Playing Piano By Herself	https://www.youtube.com/embed/jhd1y9f1YOM
./2023/november/12/index.org	Teaching Noumena To Be A Man	https://www.youtube.com/embed/JCbTgOskpgI
./2023/november/12/index.org	Getting Her Bottle From Where She Hid It	https://www.youtube.com/embed/-pjCt7cbBV8
./2023/november/12/index.org	Dancing On Daddys Feet	https://www.youtube.com/embed/Uc_hbwoftrA
./2023/november/12/index.org	P ing On Noumena	https://www.youtube.com/embed/xMLxjuyo0ZI
./2023/november/12/index.org	Making It Clear Its Mine	https://www.youtube.com/embed/0eG3BPBBOBk
./2023/november/12/index.org	Watching Meshuggah With Daddy	https://www.youtube.com/embed/rxq0IIXCrvE
./2024/february/25/index.org	Sleeping Sick	https://www.youtube.com/embed/xZSrVT8UerA
./2024/march/06/index.org	Bad Time During Picture Day	https://www.youtube.com/embed/nzRJqGFfD78
./2024/march/06/index.org	Pushing Her Chair In	https://www.youtube.com/embed/oC6VejYphoo
./2024/march/06/index.org	Telling Daddy She Misses Him	https://www.youtube.com/embed/7MXSM_G1M0c
./2024/march/06/index.org	Putting Strainer On Daddy	https://www.youtube.com/embed/CLpV-LHNy24
./2024/march/06/index.org	Playing With Spanish Moss	https://www.youtube.com/embed/CRuJsQXHPzo
./2024/march/06/index.org	Swinging In The Dark	https://www.youtube.com/embed/jgQK79Wq4kU
./2024/march/06/index.org	Found A Chicken At The Park	https://www.youtube.com/embed/dQJvGL0Mn3k
./2024/march/06/index.org	Kissing Daddys Head	https://www.youtube.com/embed/-88XqWEvCjA
./2024/march/24/index.org	Vacuuming	https://www.youtube.com/embed/JnvA9a2p5Kk
./2024/march/24/index.org	Moving Chairs Around	https://www.youtube.com/embed/3PIopNi1JJE
./2024/march/24/index.org	Carrying Rocks To The Drainage Ditch	https://www.youtube.com/embed/VZrst3D_ENw
./2024/march/24/index.org	Switching From Rocks To Sticks	https://www.youtube.com/embed/NY_sjA_-ud0
./2024/march/24/index.org	Being Cute With Daddy	https://www.youtube.com/embed/nEy60nbIB9Q
./2024/march/24/index.org	Watching Caterpillar	https://www.youtube.com/embed/y3GzzF-qNTE
./2024/march/24/index.org	Giving Daddy Love	https://www.youtube.com/embed/cW4HgdgWfCQ
./2024/march/24/index.org	Looking At Herself In Mirror	https://www.youtube.com/embed/jyttlqbelRU
./2024/march/24/index.org	Singing Happy Birthday Because Noumena Was	https://www.youtube.com/embed/Z4m0N6pPqdk
./2024/march/02/index.org	Going Wild To Clowncore Safe	https://www.youtube.com/embed/ggEpOIWFZtw
./2024/march/02/index.org	Hanging Out In The Yard	https://www.youtube.com/embed/jVIjdoaQ1yE
./2024/march/02/index.org	Playing In Library Playroom	https://www.youtube.com/embed/OlPRvCNAyoM
./2024/march/02/index.org	Running By Our Reflection	https://www.youtube.com/embed/DlyFVIfcD6w
./2024/march/02/index.org	Refusing To Go To Sleep	https://www.youtube.com/embed/bHgns1MhpHM
./2024/march/02/index.org	Eating Daddys Dinner	https://www.youtube.com/embed/3D4OI_5eupI
./2023/november/11/index.org	Playing In The Living Room	https://www.youtube.com/embed/hnneFzhaQvU
./2023/november/11/index.org	Mommy Reads And Licks Noumenas Face	https://www.youtube.com/embed/ebGdsawpKmE
./2023/november/11/index.org	18 Month Piano	https://www.youtube.com/embed/naqnAhlpGQg
./2023/november/11/index.org	Putting Her Bottle Down Correctly	https://www.youtube.com/embed/DSEMyCPKeLM
./2023/november/11/index.org	Noumena Walking Chalmers	https://www.youtube.com/embed/K0pXRse2uJA
./2023/november/11/index.org	Noumena Walking Chalmers 2	https://www.youtube.com/embed/JaqlNC44Qig
./2023/november/11/index.org	Being Affectionate Wtih Her Doggy	https://www.youtube.com/embed/MdkigcgJ8tc
./2023/november/11/index.org	Picking Veggies For Daddy To Eat	https://www.youtube.com/embed/-GC1qk-DXCM
./2023/november/11/index.org	Going Through Obstacle Coruse	https://www.youtube.com/embed/Cf94tIrR1VU
./2023/november/11/index.org	Trying To Get Her To Run Obstacles	https://www.youtube.com/embed/oj9Lb_Ml7y0
./2024/march/22/index.org	Eating Toast For Breakfast	https://www.youtube.com/embed/uait4iUDtpE
./2024/march/22/index.org	Feeding Daddy Cucumbers	https://www.youtube.com/embed/1fXjJ8Hl6q4
./2024/march/22/index.org	Sliding On Bench	https://www.youtube.com/embed/hS4HXYtyhHg
./2024/march/22/index.org	More Bench Sliding	https://www.youtube.com/embed/Z6-ZKz4neA0
./2024/march/22/index.org	Playing With Chalmers Tennis Ball	https://www.youtube.com/embed/UzARbFWZn5w
./2024/march/22/index.org	Saying Bicycle	https://www.youtube.com/embed/2_c98ipACoA
./2024/march/22/index.org	Playing Fetch With Chalmers	https://www.youtube.com/embed/dFUWA59zhcI
./2024/march/22/index.org	Playing Fetch With Chalmers Again	https://www.youtube.com/embed/6kZD2PzCyvw
./2024/march/22/index.org	More Fetch With Chalmers	https://www.youtube.com/embed/UaRcy6hx2RM
./2024/march/22/index.org	Getting Tickle Scratch From Daddy	https://www.youtube.com/embed/U1A7RVpWJkQ
./2024/march/22/index.org	Playing In Living Room	https://www.youtube.com/embed/gKq1Zz4jMD4
./2024/march/22/index.org	Playing With Kisa In Living Room	https://www.youtube.com/embed/6dcoSDUM2Fs
./2023/november/04/index.org	Petting Cow At Fair	https://www.youtube.com/embed/d54df9ItEhk
./2023/november/04/index.org	Trying To Pet Chicken	https://www.youtube.com/embed/pPssuAbSZb0
./2023/november/04/index.org	Looking At The Chickens	https://www.youtube.com/embed/yln0-7atDr4
./2023/november/04/index.org	Fascinated By The Chicks	https://www.youtube.com/embed/HiqHshO9qkM
./2023/november/04/index.org	Playing On The Bleachers	https://www.youtube.com/embed/YuNd6wO6anY
./2023/november/04/index.org	Playing With Mommys Glasses	https://www.youtube.com/embed/J3tQI1FqlTM
./2023/november/04/index.org	Playing Bean Bag Game	https://www.youtube.com/embed/sBQrMH5wqKM
./2023/november/04/index.org	Tossign Noumena On Bed	https://www.youtube.com/embed/zbGkvK2UkAU
./2023/november/04/index.org	Climbing The Slide Going Down With Daddy	https://www.youtube.com/embed/O8WEsnlaV_0
./2023/november/04/index.org	Swinging With Other Baby	https://www.youtube.com/embed/0PHn8PaglJA
./2023/november/04/index.org	Noumena Discovers Static Electricity	https://www.youtube.com/embed/erl4OzlsvEs
./2023/november/04/index.org	Putting Balls Inside Her Toy House	https://www.youtube.com/embed/CXmFQqr1h1s
./2024/march/19/index.org	Playing With Book At Daycare	https://www.youtube.com/embed/qnfoyNnYd4g
./2024/february/27/index.org	Putting Necklaces On Daddy	https://www.youtube.com/embed/edP4KBAxDVg
./2024/february/27/index.org	Putting With Hat On Daddy	https://www.youtube.com/embed/AbvUhNJZEuw
./2024/february/27/index.org	Eating Chocolate Strawberries At Melting Pot	https://www.youtube.com/embed/T7Xf0FNMmps
./2024/february/27/index.org	Using Dipping Fork To Eat At Melting Pot	https://www.youtube.com/embed/ic4J1HIdsWM
./2023/november/01/index.org	Mimicking Daddys Noises	https://www.youtube.com/embed/0tMF1LnASAY
./2023/november/01/index.org	Noumena Making Animal Noises	https://www.youtube.com/embed/myWJc48A66A
./2023/november/01/index.org	Making Daddy Kiss Her Finger At Dinner	https://www.youtube.com/embed/XZytxmj783s
./2023/november/01/index.org	Rocking Her Owl And Playing In Her Bedroom	https://www.youtube.com/embed/AC9b0WM8gfY
./2023/november/09/index.org	Climbing The Slides	https://www.youtube.com/embed/KR8MRN4HS64
./2023/november/09/index.org	Falling Down The Slide	https://www.youtube.com/embed/WN9E2Fwwd3g
./2023/november/09/index.org	Playing With Dinos	https://www.youtube.com/embed/DDG3wl8ktrk
./2023/november/09/index.org	Holding Her Bottle	https://www.youtube.com/embed/xPPidhIBgpo
./2023/november/09/index.org	Playing With Empty Dogfood Bag	https://www.youtube.com/embed/aVR-BS46PrU
./2023/august/31/index.org	Playing With Debris At The Park	https://www.youtube.com/embed/HFTscfkEL-g
./2023/august/31/index.org	Playing On Platforms	https://www.youtube.com/embed/6jodnnVOcb4
./2023/august/31/index.org	Throwing Football With Daddy	https://www.youtube.com/embed/A05_aXyJUXA
./2023/august/31/index.org	Destroying The Living Room	https://www.youtube.com/embed/HGx1Al4kAQc
./2023/august/31/index.org	Drinking Out Her Cup Like A Big Girl	https://www.youtube.com/embed/pHZeotssYxg
./2024/march/21/index.org	Making Lasagna With Mommy	https://www.youtube.com/embed/Eh6n7Naivlg
./2024/march/21/index.org	Playing With Kisa And On Bed	https://www.youtube.com/embed/el0leqHbhaQ
./2024/march/21/index.org	Suffering Under Daddys Leg	https://www.youtube.com/embed/uDqeZ_ti0z0
./2024/march/21/index.org	Noumena Loving Plants	https://www.youtube.com/embed/9t2Zp5Up3AU
./2024/march/20/index.org	Playing In Plants And Feeding Squirrels Popcorn	https://www.youtube.com/embed/KLxSi3hczHE
./2023/november/08/index.org	Noumena Says More Chili	https://www.youtube.com/embed/ncMYspiAzfw
./2023/november/08/index.org	Noumena Eating Daddys Chili	https://www.youtube.com/embed/n3FHpNySN7s
./2024/february/28/index.org	Making Mess In Bedroom This Morning	https://www.youtube.com/embed/FIjq-T0KctA
./2024/february/28/index.org	Arguing With Noumena About Changing Diaper	https://www.youtube.com/embed/5q_QSQaMPxg
./2024/february/28/index.org	Playing In Noumenas Room	https://www.youtube.com/embed/1g2VGl1I40M
./2024/february/28/index.org	Jumping Off Bed	https://www.youtube.com/embed/Ctpe_5YCVgY
./2024/february/28/index.org	More Jumping Off Bed	https://www.youtube.com/embed/88JqiyhccOk
./2024/february/28/index.org	She Jumped Off The Bed Herself	https://www.youtube.com/embed/sHp2JJqNmJ0
./2023/august/30/index.org	Standing In The Hurricane	https://www.youtube.com/embed/3TBFR5OGtrQ
./2023/august/30/index.org	Playing With Kisa	https://www.youtube.com/embed/5O4Z_Pw4m4Q
./2023/august/30/index.org	Trying To Get Noumena To Blow Kisses	https://www.youtube.com/embed/aNSTCr-ssq0
./2023/august/30/index.org	Nomming On Green Beans	https://www.youtube.com/embed/NCZkBXth_iY
./2023/august/30/index.org	Drinking From A Big Girl Cup	https://www.youtube.com/embed/Gtk68rQ2IrE
./2023/august/30/index.org	Making Kissing Noises	https://www.youtube.com/embed/AfC1YjI_jus
./2023/august/30/index.org	Trying To Get Her To Blow Kisses Again	https://www.youtube.com/embed/kSKX6S07_8g
./2023/october/31/index.org	Playing With Chalmrers In The Morning	https://www.youtube.com/embed/N0QTl_RYtXQ
./2023/october/31/index.org	Playing With Kids At Daycare	https://www.youtube.com/embed/fs4f0ztLZXo
./2023/october/31/index.org	Playing With Kids At Daycer 2	https://www.youtube.com/embed/aWJnrGp4tmc
./2023/october/31/index.org	Noticing Daddy At Playground	https://www.youtube.com/embed/gV8iunyLdLw
./2023/october/31/index.org	Greeting Mommy And Daddy From Daycare	https://www.youtube.com/embed/dc4CZm_hXeI
./2023/october/31/index.org	Swinging With Tongue Out	https://www.youtube.com/embed/gu6i1kcAGj8
./2023/october/31/index.org	First Trick Or Treat House	https://www.youtube.com/embed/bzNvxW9-1uM
./2023/october/31/index.org	Walking In Owl Costume	https://www.youtube.com/embed/xZHCUQkQhIY
./2023/october/31/index.org	Trick Or Treating	https://www.youtube.com/embed/BD083gXJ7MA
./2023/october/31/index.org	Scared To Trick Or Treat	https://www.youtube.com/embed/i8lDSgNY-RI
./2023/october/31/index.org	Looking At Holloween Decorations	https://www.youtube.com/embed/x7-Mo0eFojc
./2023/october/31/index.org	Last Trick Or Treat House	https://www.youtube.com/embed/_CwToMi8KhY
./2024/march/17/index.org	Putting On Mommys Glasses	https://www.youtube.com/embed/ITQzhqKlvkM
./2024/march/17/index.org	Reading Her Cards	https://www.youtube.com/embed/KkWe40DcHcA
./2024/march/17/index.org	Hanging Onto Sticks While Swinging	https://www.youtube.com/embed/Q8EW-F54Qxg
./2024/march/17/index.org	Playing With Cars In CVS	https://www.youtube.com/embed/lQqTaE98s-E
./2024/march/17/index.org	Pooring Water All Over Herself	https://www.youtube.com/embed/t7LJ8LxUSTk
./2024/march/17/index.org	Being Crazy Cuz Daddy Will Save Her	https://www.youtube.com/embed/4gkQ3Wj3xio
./2024/march/17/index.org	Jumping Into Daddys Arms	https://www.youtube.com/embed/cn0hyIxK3pQ
./2024/february/26/index.org	Dancing At Daycare	https://www.youtube.com/embed/1dMnlm83sh4
./2024/february/26/index.org	Pulling Daddy By The Shorts	https://www.youtube.com/embed/SyeVPqcqqNE
./2024/february/26/index.org	Cuddling With Daddy	https://www.youtube.com/embed/RD3YZrj0fDE
./2024/february/26/index.org	Playing With Coco Melon In Bedroom	https://www.youtube.com/embed/wVJtSEZ9clA
./2024/february/26/index.org	Saying Bye To Inanimate Objects	https://www.youtube.com/embed/tokXGSDNVgg
./2024/february/26/index.org	Dancing Near Traffic	https://www.youtube.com/embed/QzlcoJyjFjs
./2024/february/26/index.org	Saying Cuss Words In Russian	https://www.youtube.com/embed/H67cWignrdE
./2024/february/26/index.org	Trying To Get Noumena To Say Yipee	https://www.youtube.com/embed/1zaresfD4hA
./2024/february/26/index.org	Falling Asleep On Daddy	https://www.youtube.com/embed/n3bgvccsWoM
./2023/august/29/index.org	Playing In The Living Room	https://www.youtube.com/embed/O4eRAQckZhs
./2023/august/29/index.org	Playing With Jeremiah In His Yard	https://www.youtube.com/embed/c7pYsxnh3X8
./2023/august/29/index.org	Jeremiah Kisses Noumena	https://www.youtube.com/embed/f1o4dCnpDY8
./2023/august/13/index.org	Playing In The Sand With Mommy	https://www.youtube.com/embed/94CHg0N-pCM
./2023/august/13/index.org	Putting Toy Box On Head Like Hat Playing In Room	https://www.youtube.com/embed/g7Rpg85Vn70
./2023/august/13/index.org	Eating Vegetable Soup	https://www.youtube.com/embed/vZSHf6dFfco
./2023/august/13/index.org	Noumena Tells Daddy Where The Owls Are	https://www.youtube.com/embed/j4D-8cPfqUA
./2023/august/13/index.org	Playing In The Living Room	https://www.youtube.com/embed/6xnNcXIwPco
./2023/august/13/index.org	Saying Hi	https://www.youtube.com/embed/rzjUlY9xArE
./2023/august/13/index.org	Playing With The Balls	https://www.youtube.com/embed/it2BHoInCGw
./2023/august/13/index.org	Bouncing On The Bridge	https://www.youtube.com/embed/vkoWf8XZa_w
./2023/august/13/index.org	Getting Chalmers To Chase	https://www.youtube.com/embed/wUIDbGVbOUI
./2023/august/13/index.org	Feeling Possesive Over Daddys Pillow	https://www.youtube.com/embed/X_RT5BLNDw8
./2023/august/13/index.org	Kissing Noumena Goodnight	https://www.youtube.com/embed/bf2waxYcqhs
./2023/october/30/index.org	Feeding Daddy Bread With Her Mouth	https://www.youtube.com/embed/ZBdMohTxIco
./2023/october/30/index.org	Kisa Following Us With Chalmers On A Walk	https://www.youtube.com/embed/omw4bQ7VlD4
./2023/october/30/index.org	Malachai Holding Noumenas Hand and Visiting Doggies	https://www.youtube.com/embed/AdzsP20Her4
./2023/october/30/index.org	Crazy Rocking With DJ At Park	https://www.youtube.com/embed/3benStP5r5A
./2023/october/30/index.org	Eating Beans And Rice	https://www.youtube.com/embed/bTULQXWn21s
./2023/october/30/index.org	Playing At her Table	https://www.youtube.com/embed/JeOQsud4vvs
./2023/november/10/index.org	Noumena Says Eat In Sign Language	https://www.youtube.com/embed/PgwLGw_qDEw
./2023/november/10/index.org	Playing With Dinos In The Morning	https://www.youtube.com/embed/b1F3N2W-ma4
./2023/november/10/index.org	Playing With Blankies In Her Room	https://www.youtube.com/embed/zHxoDgv7waY
./2023/november/10/index.org	Sitting With Daddy On Front Porch	https://www.youtube.com/embed/X0YbHRScaQA
./2023/november/10/index.org	Noumena Says Chili	https://www.youtube.com/embed/K8vE5UE1mxA
./2023/november/10/index.org	Wandering Around In Woods	https://www.youtube.com/embed/uwRBV_-p-v0
./2023/november/10/index.org	Noumena Plays With Tree Bark	https://www.youtube.com/embed/MbPBcKhnfn8
./2023/november/10/index.org	Reaction To Tent Setup	https://www.youtube.com/embed/TAisPV-JpWs
./2023/november/10/index.org	Problems With Tent	https://www.youtube.com/embed/1neAel9b2XA
./2023/november/10/index.org	Failing At Feeding Pets	https://www.youtube.com/embed/0xMcWcj4g-Y
./2023/august/28/index.org	Playing In The Yard	https://www.youtube.com/embed/3kPrM_yM1Mg
./2023/august/28/index.org	Playing In The Living Room	https://www.youtube.com/embed/ACaR5yodToM
./2023/august/28/index.org	Chalmers Playing With Noumena On Bed	https://www.youtube.com/embed/8E3rtj-u-g0
./2024/february/24/index.org	Drawing With Crayons At Library	https://www.youtube.com/embed/XJSarMNwbsY
./2024/february/24/index.org	Sitting On Chris Lap	https://www.youtube.com/embed/zPXONtIYE7Y
./2024/february/24/index.org	Playing With Chris Hands	https://www.youtube.com/embed/qI92LBUxK0A
./2024/february/24/index.org	Daddy Throwing Big Rock	https://www.youtube.com/embed/yoocio5T7ps
./2024/february/24/index.org	Noumena Throwing Rock	https://www.youtube.com/embed/mMvWLmJJqP4
./2024/february/24/index.org	Noumena Throwing Rocks	https://www.youtube.com/embed/xVFLFx-RIkU
./2024/february/24/index.org	Catching Noumena Being Bad	https://www.youtube.com/embed/11cbUt06cOg
./2024/february/24/index.org	Being Weird In The Grass	https://www.youtube.com/embed/G6Hjs9DOL7E
./2024/february/24/index.org	Walking Backwards	https://www.youtube.com/embed/i5zEvh3QhvU
./2024/february/24/index.org	Noumena Doing Makeup	https://www.youtube.com/embed/Z5gQh1PxkuE
./2023/august/12/index.org	Throwing A Fit When Shes Not Really Upset	https://www.youtube.com/embed/qc-y5G9ejVo
./2023/august/12/index.org	Playing With Toys In Bedroom	https://www.youtube.com/embed/AXekqd0xroI
./2023/august/12/index.org	Wandering Around Unicorn World	https://www.youtube.com/embed/S-HC9v-PdgA
./2023/august/12/index.org	Playing In Ball Pit At Unicorn World	https://www.youtube.com/embed/NZb8vx1rfHc
./2023/august/12/index.org	Playing With Blocks At Unicorn World	https://www.youtube.com/embed/peF7WjahzgU
./2023/august/12/index.org	Petting Kisa At Home	https://www.youtube.com/embed/dyHphLSOCfY
./2023/august/12/index.org	Making A Mess With Her Wipes After Nap	https://www.youtube.com/embed/MeSG5dqGdDI
./2023/august/12/index.org	Eating Dragon Fruit	https://www.youtube.com/embed/nkO4VvjRJJo
./2023/august/12/index.org	Seeing The Goats At Tree Hill	https://www.youtube.com/embed/Vrb9EFmyimM
./2023/august/12/index.org	Staring At The Chickens Through The Fence At Tree Hill	https://www.youtube.com/embed/5RJaY9xykPs
./2023/august/12/index.org	NOUMENA SEES A REAL OWL FOR THE FIRST TIME!!!	https://www.youtube.com/embed/t4CzWkgklzM
./2023/august/12/index.org	Noumena Pets The Piggies At Tree Hill	https://www.youtube.com/embed/sRrC4Rc7qB4
./2023/august/12/index.org	Making Goat Noises At Tree Hill	https://www.youtube.com/embed/pehynidy4OU
./2023/august/12/index.org	Running Accross The Bridge Board Walk At Tree Hill	https://www.youtube.com/embed/dIRBow7C2P8
./2023/august/12/index.org	Noumena Gets Closeup With Owl At Tree Hill	https://www.youtube.com/embed/GCfi89_UvT4
./2023/august/12/index.org	Stuffing Feet In Box	https://www.youtube.com/embed/RBc6YVRpNhA
./2023/august/12/index.org	Getting Upset That She Cant Fit In Box	https://www.youtube.com/embed/HUZmjNlQayY
./2023/august/12/index.org	Throwing T Shirt On Noumenas Head Game	https://www.youtube.com/embed/P4fl4H58rRE
./2023/august/12/index.org	Running After Noumena At Park	https://www.youtube.com/embed/WA4gJ8jfYJQ
./2023/august/12/index.org	Hugging Her Foot Preventing Me From Getting Her Out	https://www.youtube.com/embed/gtpwmm8OtZs
./2023/october/29/index.org	Playing With Laundry In Her Room	https://www.youtube.com/embed/Lpm3YK_OjKM
./2023/october/29/index.org	More	https://www.youtube.com/embed/W577nYE0P4M
./2023/october/29/index.org	Sitting In The Chair	https://www.youtube.com/embed/4jUtbc43A2E
./2023/october/29/index.org	Making Animal Noises In The Car Seat	https://www.youtube.com/embed/tQtn2KAlb38
./2023/october/29/index.org	Looking At The Pretty Ducks	https://www.youtube.com/embed/1gJYygKqsng
./2023/october/29/index.org	Crazy Jumping	https://www.youtube.com/embed/zPhg9ZdVQ84
./2023/october/29/index.org	Swinging Like A Big Girl	https://www.youtube.com/embed/dpSnS-Mn0NM
./2023/october/29/index.org	Playing With New Friend On Bouncy Bridge	https://www.youtube.com/embed/ILR0JDPzELQ
./2023/october/29/index.org	Being Entertained On The Park Bench	https://www.youtube.com/embed/AizW9TTMgxE
./2023/october/29/index.org	Being Scared Of Godzilla Halloween Costume	https://www.youtube.com/embed/GL0xQfv3lC4
./2023/october/29/index.org	Playing With Friend Aiden And His Trucks	https://www.youtube.com/embed/NJlSqehlAw8
./2023/august/27/index.org	Digging Holes In Sand With Mommy	https://www.youtube.com/embed/vSA92v2PphM
./2023/august/27/index.org	More Digging Hole With Mommy	https://www.youtube.com/embed/uEtjlKGUtZs
./2023/august/27/index.org	Throwing Sand Back Into The Hole Mommy Dug	https://www.youtube.com/embed/Phy0P2pY7yk
./2023/august/27/index.org	Using A Shovel	https://www.youtube.com/embed/I_XBPXELrkk
./2023/august/27/index.org	Playing In Living Room Eating Bread	https://www.youtube.com/embed/cHj8MEhwYpo
./2023/august/27/index.org	Playing In Living Room Getting Frustrated	https://www.youtube.com/embed/hKBuahLaGMo
./2023/august/27/index.org	Playing On Bed	https://www.youtube.com/embed/XYizAGRKCqM
./2023/august/27/index.org	Playing With Toys In Target	https://www.youtube.com/embed/Tl8tDNH4bJY
./2023/august/27/index.org	Playing In Car	https://www.youtube.com/embed/cOfIPgCr2oc
./2023/august/27/index.org	Walking Through The Bike Rack	https://www.youtube.com/embed/aeZCOrBcVd0
./2023/november/07/index.org	Playing With Friendly Dog Kody	https://www.youtube.com/embed/se_4FzZAnGk
./2023/november/07/index.org	Daddy Throwing Noumena On Couch	https://www.youtube.com/embed/mD4YWSDUIAM
./2023/november/07/index.org	Blowing Bubbles Together	https://www.youtube.com/embed/WjK3fExctz8
./2023/november/07/index.org	Feeding The Pets	https://www.youtube.com/embed/TWU_nK3yjKU
./2023/november/07/index.org	Playing In Her Closet	https://www.youtube.com/embed/a4HvdAsbOLo
./2023/november/07/index.org	Hiding And Seek In Noumenas Room	https://www.youtube.com/embed/8dJClNbRiQ8
./2023/october/28/index.org	Falling On The Slide Daddy Catches	https://www.youtube.com/embed/Hrz4pKMgM-k
./2023/october/28/index.org	Climbing The Slide All By Herself Again	https://www.youtube.com/embed/yckT6bflfg4
./2023/october/28/index.org	Climbing Up Chains	https://www.youtube.com/embed/8Bj7scSoE_o
./2023/october/28/index.org	Playing With Chalmers	https://www.youtube.com/embed/Ls3RQBakWOc
./2024/february/23/index.org	Taking Out All The Wipes	https://www.youtube.com/embed/0rUpxNUMWOA
./2024/february/23/index.org	Saying Soymilk	https://www.youtube.com/embed/zR6n38CiIf8
./2024/february/23/index.org	Eating Edamame	https://www.youtube.com/embed/x1rjqPtjLCM
./2024/february/23/index.org	Being Crazy At Dinner	https://www.youtube.com/embed/MejToMFPVu0
./2024/february/23/index.org	Rocking Out To Clown Core	https://www.youtube.com/embed/M6Pk5fKUo1Y
./2024/february/23/index.org	Jumping Onto Daddy	https://www.youtube.com/embed/orAxmG4YVoU
./2024/february/23/index.org	Feeding Coco Melon	https://www.youtube.com/embed/6snfLEfhEjY
./2024/february/23/index.org	Laying In Bath	https://www.youtube.com/embed/9mPAuRaExog
./2023/october/26/index.org	Walking In Her Owl Feet	https://www.youtube.com/embed/sgJpv09llg8
./2023/october/26/index.org	Making Animal Sounds In The Car Seat	https://www.youtube.com/embed/V9GiQT8Ysqg
./2023/october/26/index.org	Walking Around Outside Olive Garden	https://www.youtube.com/embed/7V5fFB_qpKg
./2023/october/26/index.org	Giving Daddy Kissses	https://www.youtube.com/embed/cC2bbBjF7cU
./2023/november/06/index.org	Folding Laundry With Daddy	https://www.youtube.com/embed/A9-ClFpKy0U
./2023/november/06/index.org	Watching Her Dinosaur Toys	https://www.youtube.com/embed/kmWhZnAApFQ
./2023/november/06/index.org	Playing With Her Dinosaurs	https://www.youtube.com/embed/hnW2d7zr_zw
./2023/november/06/index.org	Making A Mess In Her Room	https://www.youtube.com/embed/9YGaRTois_g
./2023/november/06/index.org	Daddy Gets A Silly Idea	https://www.youtube.com/embed/72GKefgBLnI
./2023/november/06/index.org	Reading Her Book	https://www.youtube.com/embed/HVVPawBZUlM
./2023/november/06/index.org	Playing On The Bed	https://www.youtube.com/embed/VkHRlEfJcWw
./2023/november/06/index.org	Playing With Her Horsies	https://www.youtube.com/embed/-xHmjA4dUE0
./2023/november/06/index.org	Rocking In Her Baby Swing	https://www.youtube.com/embed/b0HdPOacFJM
./2023/august/11/index.org	Noumena Loves The Elephant But Hates The Elephant Noise Daddy Makes	https://www.youtube.com/embed/8IV4naWuaw4
./2023/august/11/index.org	Playing In The Living Room	https://www.youtube.com/embed/As1wdj363vA
./2023/august/11/index.org	Inside Her Caterpiller	https://www.youtube.com/embed/8RIFr0ucGbs
./2023/august/11/index.org	Eating Tofu Scramble With Tomato	https://www.youtube.com/embed/setfONow3dk
./2023/august/11/index.org	Noumena Understands No	https://www.youtube.com/embed/xc2rA9era4A
./2023/august/11/index.org	Interested In The Yak	https://www.youtube.com/embed/2CuKDz7Ux8M
./2023/august/11/index.org	Playing Inside Her Caterpiller	https://www.youtube.com/embed/AhvN3KzZZSY
./2023/august/11/index.org	Eating Pasta With Green Beans And Garlic Toast	https://www.youtube.com/embed/E2fH0axo1yo
./2023/august/11/index.org	Trying To Get Noumena To Say Ball	https://www.youtube.com/embed/xl2IfTT_qw0
./2023/august/11/index.org	Playing In The Puddles	https://www.youtube.com/embed/U4XWBq-cQqA
./2023/august/11/index.org	Playing In The Puddle Running To Daddy	https://www.youtube.com/embed/ezPaI7TNz1Q
./2023/august/11/index.org	Playin In The Living Room	https://www.youtube.com/embed/LorVH7mBSyc
./2024/march/18/index.org	Cuddling With Daddy In The Morning	https://www.youtube.com/embed/f--Mdv7Ixuo
./2024/march/18/index.org	Reading To Daddy At Nap Time	https://www.youtube.com/embed/dLSx9VQBSd4
./2024/march/18/index.org	Daddy Reads After Nap Time	https://www.youtube.com/embed/Vqm57yrHW5E
./2024/march/18/index.org	Pushing Around Her Doggy	https://www.youtube.com/embed/YRBB4gRjBCo
./2024/march/18/index.org	Eating Weird Food From Mommy	https://www.youtube.com/embed/iYABeIbQuF8
./2024/march/18/index.org	Being Dangerous Swinging	https://www.youtube.com/embed/1GIso2IxYrI
./2024/march/18/index.org	Watching The Tennis Players	https://www.youtube.com/embed/5_zIUun3yMM
./2024/march/18/index.org	Putting Daddy To Bed	https://www.youtube.com/embed/uyqzS9ZG0f4
./2024/march/18/index.org	More Putting Daddy To Bed	https://www.youtube.com/embed/ZYcWI_X_b5M
./2024/march/18/index.org	Still Putting Daddy To Bed	https://www.youtube.com/embed/H5VO0DAjpgo
./2024/february/22/index.org	Fighting Daddy With The Water	https://www.youtube.com/embed/tga78suGf4o
./2024/february/22/index.org	Chilling With Chris	https://www.youtube.com/embed/VtH1Zkd98HE
./2024/february/22/index.org	Rocking Out To Knower	https://www.youtube.com/embed/2hNjbTZNPWk
./2024/february/21/index.org	Drinking Mommys Smoothie	https://www.youtube.com/embed/hDLTotNfpmQ
./2024/february/21/index.org	Rocking To Clownc0re	https://www.youtube.com/embed/hfvFPxFHOD4
./2024/february/21/index.org	More Rocking To Clownc0re	https://www.youtube.com/embed/9DZBDvQr1oY
./2024/february/21/index.org	Being Wierd With Jeremiah	https://www.youtube.com/embed/pnGdWii1bN8
./2024/february/21/index.org	Wondering Outside With Jeremiah	https://www.youtube.com/embed/Yh5a6Gj2uJ0
./2024/february/21/index.org	Wearing Dress From Mommy	https://www.youtube.com/embed/loOb0c3ApTc
./2024/february/21/index.org	Rocking To Clownc0re In Dress	https://www.youtube.com/embed/zkDkHN_Nqek
./2024/february/21/index.org	Just Being Cute	https://www.youtube.com/embed/onTtcUJqf0E
./2024/february/21/index.org	Kisa Laying In Noumena&#39;s Bed	https://www.youtube.com/embed/KKJBUuLxCLE
./2023/august/10/index.org	Playing With Her Phone In The Morning	https://www.youtube.com/embed/ORyFHqM_aAY
./2023/august/10/index.org	Playing With Balls At Home	https://www.youtube.com/embed/Bxk8Whw8P5k
./2023/august/10/index.org	Eating Green Beans And Macaroni And Cheese	https://www.youtube.com/embed/zNocpLipWR0
./2023/august/10/index.org	She Picks Up Her Shoes Herself	https://www.youtube.com/embed/wdnW4Z4geuA
./2023/august/10/index.org	Noumena Says Ball 2	https://www.youtube.com/embed/dEKZ-Vi3f5E
./2023/august/10/index.org	Refusing To Put Away The Balls	https://www.youtube.com/embed/CITxuE8Hp2g
./2023/november/05/index.org	Doing Cute Hand Gesture	https://www.youtube.com/embed/2dv_67UVSII
./2023/november/05/index.org	HItting Noumenas Belly	https://www.youtube.com/embed/QhykVXfH7-w
./2023/november/05/index.org	Playing with Her Spoon Pretending To Eat	https://www.youtube.com/embed/tgc53xJLGQE
./2023/november/05/index.org	Noumena Identifying Body Parts	https://www.youtube.com/embed/rzY7IzK_wQ4
./2023/november/05/index.org	Noumena Identifying More Body Parts	https://www.youtube.com/embed/47ar1JGlgJA
./2023/november/05/index.org	Being Bad In A Cute Way	https://www.youtube.com/embed/eKNEAS-xSzk
./2023/november/05/index.org	Going Fast Down Slide Sticking Landing	https://www.youtube.com/embed/98HdBFSQ_aQ
./2023/november/05/index.org	Eating Tofu Scramble Thats Hot	https://www.youtube.com/embed/8Izdj46uGMM
./2023/november/05/index.org	Groing Through Tunnel	https://www.youtube.com/embed/D_8qCGQw1S8
./2023/november/05/index.org	Walking Around Perfectly Fine	https://www.youtube.com/embed/AVFcIxn_7Js
./2023/november/05/index.org	Respecting Kisa	https://www.youtube.com/embed/BVOC2fBK3Fg
./2023/november/05/index.org	Noumena Being Gentle With Kisa And Affectionate With Daddy	https://www.youtube.com/embed/DNaXTJKYqz4
./2023/november/05/index.org	Standing On Daddys Hands	https://www.youtube.com/embed/N2G70YkpDr4
./2023/november/05/index.org	Giving Her Baby Her Binky	https://www.youtube.com/embed/KgxGqFS8UOk
./2023/august/26/index.org	Oatmeal For Breakfast	https://www.youtube.com/embed/mc_-jlEC30U
./2023/august/26/index.org	Petting Kisa	https://www.youtube.com/embed/QgqO0qRUivM
./2023/august/26/index.org	Hanging Out With The Cat At Story Time	https://www.youtube.com/embed/UIHOcUCWkGQ
./2023/august/26/index.org	Wheels On The Bus	https://www.youtube.com/embed/S_Z07Co2y_I
./2023/august/26/index.org	Wheels On The Bus With Little Girl	https://www.youtube.com/embed/nj0EUCyxToY
./2023/august/26/index.org	Drinking Soymilk And Playing With It	https://www.youtube.com/embed/GMARuqyNSPM
./2023/august/26/index.org	Entering The Arboretum	https://www.youtube.com/embed/Y_sZpqPSov4
./2023/august/26/index.org	Throwing A Fit Because Daddy Wont Let Her Go In Muck	https://www.youtube.com/embed/ejkgYljVoDU
./2023/august/26/index.org	Chasing Down Daddy On Board Walk	https://www.youtube.com/embed/q5D7SPTwTbs
./2023/august/26/index.org	Drinking Water On Daddys Car	https://www.youtube.com/embed/8BzHkj7vyWg
./2023/august/26/index.org	Cleaning Up	https://www.youtube.com/embed/pVrcZ1uvXFQ
./2024/february/20/index.org	Playing Wtih Cards	https://www.youtube.com/embed/BI3lSA2V9Cw
./2024/february/20/index.org	Wandering Around	https://www.youtube.com/embed/wZqzrFdcqFI
./2024/february/20/index.org	Playing With Daddy In Living Room	https://www.youtube.com/embed/tyG0gWaKNkM
./2024/february/20/index.org	Chewing Up Book Pages	https://www.youtube.com/embed/dNCUkx1ro38
./2024/february/20/index.org	Giving Hugs And Kisses	https://www.youtube.com/embed/UUSTXBFSD8g
./2024/february/20/index.org	Climbing	https://www.youtube.com/embed/3rH4YgC7jA0
./2023/october/27/index.org	Spinning Around In Bucket	https://www.youtube.com/embed/yeYlfmfTZqw
./2023/october/27/index.org	Eating Desert	https://www.youtube.com/embed/KgG6zBD1omw
./2023/october/27/index.org	Wandering Around Courtyard	https://www.youtube.com/embed/R6qFugalI-8
./2023/october/27/index.org	Courtyard Fountain	https://www.youtube.com/embed/VxcdvpefCnk
./2023/october/27/index.org	More Courtyard Fountain	https://www.youtube.com/embed/SLyMGrsPrZA
./2023/october/27/index.org	Saying Boom Boom	https://www.youtube.com/embed/0VXt5FBzigI
./2023/august/25/index.org	Eating Pasta And Green Beens	https://www.youtube.com/embed/MOlGvHsU0Ts
./2023/august/25/index.org	Eating A Puree Packet	https://www.youtube.com/embed/reFXPpkr4YU
./2023/august/25/index.org	Being A Weirdo In The Kitchen	https://www.youtube.com/embed/TXe2D99UJpY
./2023/august/25/index.org	Putting The Bucket On Her Head	https://www.youtube.com/embed/_YbYvauBCPc
./2023/august/25/index.org	Playing With Out Neigbor Jerimiah	https://www.youtube.com/embed/pzlKpo4mjpE
./2023/october/24/index.org	At Dennys With Mommy	https://www.youtube.com/embed/TQHqU9kOOxs
./2024/february/19/index.org	Waking Daddy Up	https://www.youtube.com/embed/sBQkILGAFdQ?si=H5ndYtlXhHYx-P-c
./2024/february/19/index.org	Tickle Scratching Daddy	https://www.youtube.com/embed/JYk0IJ2VILg?si=q5XrQ2o9z9feOXNp
./2024/february/19/index.org	Eating Breakfast With Daddy	https://www.youtube.com/embed/-1qg9i-NjT4?si=xFDZrbXacqR1jX63
./2024/february/19/index.org	Closing Dish Washer	https://www.youtube.com/embed/yVFlQmfaOJM?si=XE04f2I5rs6nswwZ
./2024/february/19/index.org	Asking For More Of Daddys Music	https://www.youtube.com/embed/2-4yaRZD_G8
./2024/february/19/index.org	Driving In Cart	https://www.youtube.com/embed/mMp2PnfVVco
./2024/february/19/index.org	Insisting On Watching More Daddy	https://www.youtube.com/embed/hN3YfBpzEaE
./2023/august/09/index.org	Kissing The Owls	https://www.youtube.com/embed/ZMIlMk0loFk
./2023/august/09/index.org	Eating Dinner	https://www.youtube.com/embed/xxMU621bN1o
./2023/august/09/index.org	Eating Cucumber A Weird Way	https://www.youtube.com/embed/NeTcrdsGHdI
./2023/august/09/index.org	Going Down The Steep Slide	https://www.youtube.com/embed/61qrFzoTZz0
./2023/august/09/index.org	Messing Around On The Slides	https://www.youtube.com/embed/7k115WT2W9s
./2023/august/09/index.org	Rolling Around On Daddy Then Saying Goodbye	https://www.youtube.com/embed/dChzfHunACE
./2023/august/09/index.org	Cute Little Video	https://www.youtube.com/embed/lNvfPjxYIZ4
./2023/august/09/index.org	Resting On Daddy	https://www.youtube.com/embed/F0e-pI5LxXg
./2023/november/03/index.org	Ignoring Daddy Watching Miss Rachel	https://www.youtube.com/embed/q0EogVC-2t4
./2023/november/03/index.org	Watching Hibachi	https://www.youtube.com/embed/dqOTEG3leEw
./2023/november/03/index.org	Rocking Her Babies And Giving Daddy Hugs	https://www.youtube.com/embed/_KymVy85ZDw
./2023/august/23/index.org	Noumena Eating Black Bean Soup For Dinner	https://www.youtube.com/embed/w2XENpReJ_g
./2023/august/23/index.org	Wedging Herself In Between The Night Stand	https://www.youtube.com/embed/9PUdd0iScjo
./2024/march/16/index.org	Reading With Daddy	https://www.youtube.com/embed/7T7793Edu1Q
./2024/march/16/index.org	Feeding Chalemrs Almonds	https://www.youtube.com/embed/PJf8G8sphxE
./2024/march/16/index.org	More Swinging Like Big Girl	https://www.youtube.com/embed/sj2lMSiDv7s
./2024/march/16/index.org	More Swinging	https://www.youtube.com/embed/sm72mknPo8c
./2024/march/16/index.org	Giving Beanie Babies Nap	https://www.youtube.com/embed/N-zfFFCJVfM
./2024/march/16/index.org	Putting Bunny Down For Nap	https://www.youtube.com/embed/1Bq0tM9TUeo
./2024/march/16/index.org	Playing With Daddys Face	https://www.youtube.com/embed/ohlRY1dAxUs
./2024/march/16/index.org	Eating Ice Cream On Daddys Lap	https://www.youtube.com/embed/OUKHtQe5-E4
./2024/march/16/index.org	Holding Ice Cream Cone	https://www.youtube.com/embed/gLKR-soXyLk
./2024/march/16/index.org	Watching Friendship Fountain	https://www.youtube.com/embed/W--f0oWNL6M
./2023/december/06/index.org	Playing With Her Bear In Her Crib	https://www.youtube.com/embed/xj3bMZJgG4E
./2023/december/06/index.org	Watching Music Videos	https://www.youtube.com/embed/kSbIYL4IxJc
./2023/august/08/index.org	Playing Hide And Seek	https://www.youtube.com/embed/m0mBzPB6Rb0
./2023/august/08/index.org	More Hide And Seek	https://www.youtube.com/embed/XmoRApEdlDI
./2023/august/08/index.org	Being Cute Laying On The Ground	https://www.youtube.com/embed/7aAqm8Zo2nE
./2023/august/08/index.org	Playing With Block Truck	https://www.youtube.com/embed/8hPeLo4wXw0
./2023/august/08/index.org	Playing Soccer With Friends	https://www.youtube.com/embed/01UTRHnSwkg
./2023/august/08/index.org	Shoe Steaing Fairy	https://www.youtube.com/embed/oLGh4kZtWL0
./2023/august/08/index.org	Going Down The Slide Controlling Her Speed	https://www.youtube.com/embed/ZkYfkqh2xZY
./2023/august/08/index.org	She Learns To Put The Blocks In Their Places	https://www.youtube.com/embed/dMWG9fNQGRI
./2023/august/08/index.org	Straining Face	https://www.youtube.com/embed/6w3xUQDGOko
./2023/august/08/index.org	Pointing To Owls While Filming	https://www.youtube.com/embed/mz7Q4I15faE
./2023/august/08/index.org	Noumena Wearing Sunglasses	https://www.youtube.com/embed/Q4RNrPuJCI4
./2023/october/25/index.org	Funny Dinner Faces	https://www.youtube.com/embed/SWyQCQzMwao
./2023/october/25/index.org	Using Her Spoon	https://www.youtube.com/embed/5Yc-s2OHVWo
./2023/october/25/index.org	Pumpkin Patch	https://www.youtube.com/embed/GNaWEzQHazc
./2023/october/25/index.org	Pumpkin Patch Gords	https://www.youtube.com/embed/gxU0a6T5czk
./2023/october/25/index.org	Throwing A Fit From Chalmers Stealing Her Bread	https://www.youtube.com/embed/SU3wu7LAXFY
./2024/february/18/index.org	Eating Oatmeal Running In Living Room	https://www.youtube.com/embed/7ENDDGuTnKs?si=3oHWMfW-wCc04yMO
./2024/february/18/index.org	Rolling Off Daddy	https://www.youtube.com/embed/GY2HHB5RaeI?si=mVWG1spqrly4d2gR
./2024/february/18/index.org	Getting Into Daddys Wallet	https://www.youtube.com/embed/e3YnhBBbeWs?si=CdgDpH7kB_vG1vOD
./2024/february/18/index.org	Helping Daddy Vaccum	https://www.youtube.com/embed/NLXza9Mihtg?si=_ven4XyGe0KYeni5
./2024/february/18/index.org	More Cipriano	https://www.youtube.com/embed/sEn_DtfhNZk?si=L8dN2fwcKboJq4hR
./2024/february/18/index.org	Sneezing With TV	https://www.youtube.com/embed/08lp4IM3sDY?si=9OYd6uuR-mXFuWB7
./2024/february/18/index.org	Getting Noumena To Close Her Eyes For Nap	https://www.youtube.com/embed/0x74_wJA2RU?si=Yltni9qIJrD4txxD
./2024/february/18/index.org	Waking Up With Daddy	https://www.youtube.com/embed/cQknhYnH4wg?si=qYJU4CqEO9xjdn4n
./2024/february/18/index.org	Playing In Chris House	https://www.youtube.com/embed/p43Ke1JxEDY?si=dun9y6fmPWyIQ9YK
./2024/february/18/index.org	Tensing Up In Chris House	https://www.youtube.com/embed/xDq7mLji_18?si=iSBSF-YpK0cThSqV
./2024/february/18/index.org	Wearing Hood Wandering Around Chris House	https://www.youtube.com/embed/7t0O5_PxFk0?si=ND-fN9piaoPDAESF
./2024/february/18/index.org	Sitting On Chris Lap At Dinner	https://www.youtube.com/embed/xkPnnIXT9Js?si=TGgn5rJaTlOW7snD
./2024/february/18/index.org	Being Goofy With Chris At Dinner	https://www.youtube.com/embed/WwrxXQL75iM?si=uu8kB4BefokUrmVb
./2023/august/22/index.org	Groaning From Sickness	https://www.youtube.com/embed/svKXR5QaSa0
./2023/august/22/index.org	Breathing Hard	https://www.youtube.com/embed/EA9f_r64XEI
./2023/august/22/index.org	Zoning Out Sick In Bed	https://www.youtube.com/embed/OUtvIfaaiEU
./2023/august/22/index.org	Eating Butter Bread	https://www.youtube.com/embed/9tmvUTunzXA
./2023/august/22/index.org	Cute Pajamas	https://www.youtube.com/embed/dxitBop5aRE
./2023/december/02/index.org	Turning Vacuum On	https://www.youtube.com/embed/y5Nqz232Qk4
./2023/december/02/index.org	Touching Daddys Face	https://www.youtube.com/embed/OEloz40yThI
./2023/december/02/index.org	Eating Banana Bread Dough	https://www.youtube.com/embed/SbAQ89RbrEQ
./2023/december/02/index.org	Messing Around	https://www.youtube.com/embed/PzPeV0Wv-4s
./2023/december/02/index.org	Messing Around	https://www.youtube.com/embed/PzPeV0Wv-4s
./2023/december/02/index.org	Reading On Daddy And Wandering Around	https://www.youtube.com/embed/Z3oA4nDEOyg
./2023/october/21/index.org	Rolling Around On The Bed	https://www.youtube.com/embed/CeKOFHalGns
./2023/october/21/index.org	Playing Outside Urgent Care While Daddy Waits For His Appointment	https://www.youtube.com/embed/aKqWS4_EjAA
./2023/october/21/index.org	Pulling Out Chair At Urgent Care	https://www.youtube.com/embed/-8IIv8H0vz0
./2023/october/21/index.org	Teasing Chalmers Watching TV	https://www.youtube.com/embed/mBDvnHAkxlw
./2023/october/21/index.org	Teasing Chalmers	https://www.youtube.com/embed/4SPVBrTSRS0
./2023/october/21/index.org	Saying No To Chalmers	https://www.youtube.com/embed/o5LRdy0FcNY
./2023/october/21/index.org	Being Nice To Chalmers	https://www.youtube.com/embed/FRmN0IbdBdc
./2023/october/21/index.org	Picking On Noumena	https://www.youtube.com/embed/ztj0Y3P_5so
./2023/october/21/index.org	Being A Weirdo	https://www.youtube.com/embed/BNyblTcQRko
./2023/october/21/index.org	Holding Noumena On Couch	https://www.youtube.com/embed/VdoQGgkdiJ4
./2024/march/15/index.org	Playing With Touch Screen	https://www.youtube.com/embed/6xE_48U4xiI
./2024/march/15/index.org	Playing With Daddy At Dinner Table	https://www.youtube.com/embed/uuXrAgkxxI0
./2024/march/15/index.org	Playing With Ice	https://www.youtube.com/embed/E2Mn550RJac
./2024/march/15/index.org	Swinging In Big Swing	https://www.youtube.com/embed/sPsf_qYVKMs
./2024/march/15/index.org	Playing In Playground	https://www.youtube.com/embed/dVEVY6GbveE
./2024/march/15/index.org	More Slide	https://www.youtube.com/embed/VU_AWVWDeSY
./2024/march/15/index.org	Being Crazy	https://www.youtube.com/embed/tRoy5JbGHlI
./2023/august/07/index.org	Fast Asleep Sick	https://www.youtube.com/embed/n2BCAxDIkt8
./2023/august/07/index.org	Feeding Daddy Pasta	https://www.youtube.com/embed/oVyxZWC9Hko
./2023/august/07/index.org	Rolling Around On The Bed	https://www.youtube.com/embed/XGp-7IN8CYI
./2023/august/07/index.org	Wrestling With Chalmers While Noumena Watches	https://www.youtube.com/embed/tGJhUB32m2Q
./2023/august/07/index.org	Chalmers Chases Noumena And Daddy	https://www.youtube.com/embed/Nad0gsC0jik
./2023/august/07/index.org	Walking Around The Living Room	https://www.youtube.com/embed/byt2OQLEIhs
./2023/october/20/index.org	Blowing Her Nose With Her Mouth	https://www.youtube.com/embed/9BnIB00xuTI
./2023/december/03/index.org	Using Daddys Let As Hurdle	https://www.youtube.com/embed/K0qkbVPxIEw
./2023/december/08/index.org	YouTube video player	https://www.youtube.com/embed/BrC-QxDihdg?si=2Z40BLY4UFg0QjZr
./2023/december/08/index.org	YouTube video player	https://www.youtube.com/embed/PJbh7jO5pTQ?si=hb7EsJsOeuMxlk7h
./2023/december/08/index.org	YouTube video player	https://www.youtube.com/embed/5Ix2wwlDXKY?si=frdkhiViRergkKo1
./2023/december/08/index.org	YouTube video player	https://www.youtube.com/embed/ClvdHYEJOYU?si=ubd0-23UUpR4jFVo
./2023/december/08/index.org	YouTube video player	https://www.youtube.com/embed/A7GfvvAp0NI?si=rkStpTUShtqriewT
./2023/october/19/index.org	Playing With Animals	https://www.youtube.com/embed/smSS1C7Pex8
./2023/october/19/index.org	Kissing Noumena On The Bed	https://www.youtube.com/embed/cQzcyRIUgh0
./2023/october/19/index.org	Trying To Put On Socks	https://www.youtube.com/embed/81YqHr3je7o
./2023/december/07/index.org	Climbing Into The Crib	https://www.youtube.com/embed/r9qHcJYkL9U
./2023/october/23/index.org	Waiting For Noumena To Notice Me	https://www.youtube.com/embed/3qot09XROjU
./2023/october/23/index.org	Being Cute In The Car Seat	https://www.youtube.com/embed/I7R2oOSbDZ0
./2023/october/23/index.org	Petting Kisa At Home	https://www.youtube.com/embed/UC-b78PJLYs
./2023/october/23/index.org	Eating With A Fork	https://www.youtube.com/embed/RPhC7fRPfCI
./2023/october/23/index.org	So Brave Climbing At The Park	https://www.youtube.com/embed/UO8xHQaBJyg
./2023/october/23/index.org	Sidewalk Chalk With Daddy	https://www.youtube.com/embed/F7gQ8vGkJXk
./2024/february/17/index.org	First Taking Off Noumenas Crib Rail	https://www.youtube.com/embed/Ots1dA92SLY
./2024/february/17/index.org	Checking Out Her Toddler Bed	https://www.youtube.com/embed/eVmiQAzVzBs
./2024/february/17/index.org	Loving On Chalmers	https://www.youtube.com/embed/cs79FABPE-o
./2024/february/17/index.org	Laying In Bed With Daddy	https://www.youtube.com/embed/9tz1joMPHjw
./2024/february/17/index.org	More Laying In Bed Wtih Daddy	https://www.youtube.com/embed/kSpNsxXnNSY
./2024/february/17/index.org	Playing In Daddys Bedroom	https://www.youtube.com/embed/LmM0Q7YOzO4
./2024/february/17/index.org	Watching Cipriano	https://www.youtube.com/embed/dJf1t59ArO4
./2024/february/17/index.org	Bouncing In Her Toddler Bed	https://www.youtube.com/embed/_A1aXbGEMmY
./2024/february/17/index.org	Eating Carrots	https://www.youtube.com/embed/NKUEnPwmnbA
./2024/february/17/index.org	Playing with Ball And Kisa In Front Yard	https://www.youtube.com/embed/dUcQdFHF6Mg
./2024/february/17/index.org	Saying Hi To Friend At Library	https://www.youtube.com/embed/tdOdS4nehrg
./2024/february/17/index.org	Crawling Out Of Tent From Nap	https://www.youtube.com/embed/TOuTdXdRsqQ
./2024/february/17/index.org	Jumping Over Noumenas Head	https://www.youtube.com/embed/L0txDut_ke0
./2024/february/17/index.org	More Watching Cipriano	https://www.youtube.com/embed/noxJiQwuYxs
./2024/february/17/index.org	Eating Tofu Bites	https://www.youtube.com/embed/XEQTECfewbs
./2023/august/21/index.org	Sleeping On Daddys Chest	https://www.youtube.com/embed/f8N5FDUfNrw
./2023/august/21/index.org	Driving Daddys Car	https://www.youtube.com/embed/grqW3Yahc9Y
./2023/august/21/index.org	Clapping After Placing The Blocks	https://www.youtube.com/embed/NDri28Cm-FY
./2023/august/21/index.org	Making Kissing Noises When Kissing Owl	https://www.youtube.com/embed/IElx5wjTvHA
./2023/august/21/index.org	Trying To Catch Cute Behavior	https://www.youtube.com/embed/rhgT3_csxk0
./2023/august/06/index.org	Making A Mess With Balls In The Living Room	https://www.youtube.com/embed/bBEoOh6_Fz8
./2023/august/06/index.org	Feeding Daddy Crackers	https://www.youtube.com/embed/_u4HjGKLmRM
./2023/august/06/index.org	Trying To Fix The Remote	https://www.youtube.com/embed/vgqxIGh1Pz0
./2023/august/06/index.org	Getting Noumena To Jump	https://www.youtube.com/embed/JSJyNXarcSE
./2023/august/06/index.org	Playing With Chalmers In Living Room	https://www.youtube.com/embed/vfFWh4E_vH0
./2024/february/16/index.org	Singing Bubble Gum Song For Nouema	https://www.youtube.com/embed/qhjbf7Gak-s
./2024/february/16/index.org	Getting Noumena To Tense Up	https://www.youtube.com/embed/V8d-dQ4Odbk
./2024/february/16/index.org	Picking Veggies Out Of Daddys Bowl	https://www.youtube.com/embed/E4-cYa00Mh8
./2024/february/16/index.org	Throwing Sticks In Drainage Ditch	https://www.youtube.com/embed/W5RccaR6Tz0
./2024/february/16/index.org	Crawing Around	https://www.youtube.com/embed/maPIgBBWx4Y
./2024/february/16/index.org	Just Playing In Parking Lot	https://www.youtube.com/embed/u8UmppHl8VI
./2024/february/16/index.org	More Playing In Parking Lot	https://www.youtube.com/embed/pgiZ_Qsj6hQ
./2024/february/16/index.org	Tesnsing Up During Bath	https://www.youtube.com/embed/bnadc5Qd7yo
./2023/october/17/index.org	Beating Daddy Up	https://www.youtube.com/embed/VHhVaO_ZNog
./2023/october/17/index.org	If Youre Happy And You Know It	https://www.youtube.com/embed/RE7y8RIUh-w
./2023/october/17/index.org	Walking To The Store	https://www.youtube.com/embed/9bUINlPcYzE
./2024/february/15/index.org	Taking Off From A Squat	https://www.youtube.com/embed/uM5kPfTyGuk
./2024/february/15/index.org	Wiping Her Butt With Daddy	https://www.youtube.com/embed/g7Z-Kpl87cE
./2024/february/15/index.org	Missing LIttle Girl Feeding Noumena	https://www.youtube.com/embed/5pETk3qaKhM
./2024/february/15/index.org	Throwing Fit	https://www.youtube.com/embed/VyXmFjgZjOU
./2024/february/15/index.org	Getting Over Fit	https://www.youtube.com/embed/pmNkDlKgb4o
./2024/february/15/index.org	Taking Stuff From Daddy	https://www.youtube.com/embed/ysVC4t63Blo
./2024/february/15/index.org	Watching Snarky Puppy	https://www.youtube.com/embed/R3AgZVzHT2U
./2024/february/15/index.org	Watching Daddy Play With Cipriano	https://www.youtube.com/embed/XiK2IYqYQxk
./2024/february/15/index.org	Playing In Wrapping Paper	https://www.youtube.com/embed/K-NTXGVrL2c
./2024/february/15/index.org	Bouncing On Chalmers Watching Marcin	https://www.youtube.com/embed/Y4xy8Howa40
./2024/march/14/index.org	Feeding Chalmers	https://www.youtube.com/embed/5aXUT_WFE6E
./2024/march/14/index.org	Being Cute At Dinner	https://www.youtube.com/embed/GyWA_tQs1fs
./2024/march/14/index.org	Brailey Pushing Noumena On Swing	https://www.youtube.com/embed/UWjVGJcN3_A
./2024/march/14/index.org	Pushing Daddy Down Slide	https://www.youtube.com/embed/UvZ96Y0ovWg
./2024/march/14/index.org	Pushing Daddy From Behind	https://www.youtube.com/embed/YiwE-YPJDUk
./2024/march/14/index.org	Coming Back Down After Daddy	https://www.youtube.com/embed/2NkiyVmzZXw
./2023/august/05/index.org	Eating Porridge Wandering Around	https://www.youtube.com/embed/RAKPv1RYktM
./2023/august/05/index.org	Chasing Down The Geese	https://www.youtube.com/embed/WUc7ceHwg7s
./2023/august/05/index.org	Eating Tomatoes And Hanging At Home	https://www.youtube.com/embed/eHjKAX0tnoo
./2023/august/05/index.org	Eating Apples	https://www.youtube.com/embed/dPnpgElTgCo
./2023/august/05/index.org	Putting Her Shoes In Her Basket	https://www.youtube.com/embed/r5rv4x1Nc7I
./2023/august/05/index.org	Noumena Dislikes The Low Battery Sound From The Turtle	https://www.youtube.com/embed/XcIfRXIqyFI
./2023/august/05/index.org	Loving On Kisa In The Yard	https://www.youtube.com/embed/V3dn8UydIN0
./2023/august/05/index.org	Following Kisa Around The Yard	https://www.youtube.com/embed/N-RAldatQ5k
./2023/october/16/index.org	Playing With Noumena On Bed	https://www.youtube.com/embed/aAQLchhFdUU
./2023/august/01/index.org	Running Around At Home	https://www.youtube.com/embed/GoL2aTHIxI8
./2023/august/01/index.org	Brilliant Pianist	https://www.youtube.com/embed/cM1mUMAv6G4
./2023/august/01/index.org	Playing With Friends At Park	https://www.youtube.com/embed/IITE0GLsQ8E
./2023/august/20/index.org	Stickers Stuck To Hands	https://www.youtube.com/embed/aWlPu5R0dWw
./2023/august/20/index.org	Playing With Sun Glasses	https://www.youtube.com/embed/YQ_av_4fWMU
./2023/august/20/index.org	Taking Out All The Books	https://www.youtube.com/embed/NF5olZzVfbY
./2023/august/20/index.org	Messing With New Shoes In Living Room	https://www.youtube.com/embed/JoaaBlg185Q
./2023/august/20/index.org	Playing With Stickers	https://www.youtube.com/embed/oY4uHU0PEYc
./2023/october/18/index.org	Being Goofy Walking Around	https://www.youtube.com/embed/JDWFn1F2Mko
./2023/october/18/index.org	Playing Drums With Daddy	https://www.youtube.com/embed/NfaCO2eJuRY
./2024/february/13/index.org	Touching Daddys Butt On The Toilet	https://www.youtube.com/embed/FVaYopV7VPo
./2024/february/13/index.org	Listening To Lingus	https://www.youtube.com/embed/8g7bvxngnWk
./2024/february/13/index.org	Falling Asleep On Daddy	https://www.youtube.com/embed/3lu6Bkn72Po
./2024/february/10/index.org	Daddy Lays Noumena In Her Crib	https://www.youtube.com/embed/_OWOjomZfGE
./2024/february/10/index.org	Noumena Being Cute In Her Crib	https://www.youtube.com/embed/i0QBc7lAAe4
./2024/february/10/index.org	Listening To Dirty Loops	https://www.youtube.com/embed/ERyQ1kcUv_k
./2024/february/10/index.org	Playing With Sticks Outside	https://www.youtube.com/embed/qdBd5nsk5xY
./2024/february/10/index.org	Ready Gooooo	https://www.youtube.com/embed/gGCTfoTnNXs
./2024/february/10/index.org	Throwing Rocks Without Daddys Protection	https://www.youtube.com/embed/Yk-WtXyyXOU
./2024/february/10/index.org	Smelling Flowers In CVS	https://www.youtube.com/embed/J0mMDBzuxT4
./2024/february/10/index.org	Throwing A Fit Because Daddy Wouldnt Let Her Eat Old Food	https://www.youtube.com/embed/curwO82WJLE
./2024/february/10/index.org	End Of Fit Playing In Bedroom	https://www.youtube.com/embed/a46LgpLWTCQ
./2024/february/10/index.org	Playing with Noise Maker Upon Awakening	https://www.youtube.com/embed/IOxMAiwk3k8
./2024/february/10/index.org	Driving Daddys Car	https://www.youtube.com/embed/22IDdFE3TH0
./2024/february/10/index.org	Eating Beyond Meat Jerky	https://www.youtube.com/embed/cQPpN_aKUt0
./2024/february/10/index.org	Whispering In Crib With Daddy	https://www.youtube.com/embed/gtOUxHRs4rk
./2024/february/10/index.org	Moving Around Home Petting Kisa	https://www.youtube.com/embed/QN3hOnt4aUI
./2024/february/10/index.org	Noumena Loves Tigran	https://www.youtube.com/embed/zl8yIUMP9hI
./2024/february/10/index.org	Noumena Loves Cipriano	https://www.youtube.com/embed/CfKfrSw4R88
./2024/february/10/index.org	Listening And Dancing To Marcin	https://www.youtube.com/embed/43VqOGyqF_c
./2023/october/14/index.org	Jumpin Across Benches	https://www.youtube.com/embed/k8XFasUgs44
./2023/october/14/index.org	Playing In The Dirt	https://www.youtube.com/embed/6ELc8gkCDkQ
./2023/october/14/index.org	Playing With Jeremia And Bubbles	https://www.youtube.com/embed/egOChByP4ME
./2023/october/14/index.org	Making Bubbles Herself	https://www.youtube.com/embed/4gdsa5wTFw4
./2023/october/14/index.org	Front Porch Jerimiahs House	https://www.youtube.com/embed/2PE2CoC7lFQ
./2023/august/19/index.org	Saying Good Morning To Kisa	https://www.youtube.com/embed/FeUdVnzUkpE
./2023/august/19/index.org	Being Cute On Changing Table	https://www.youtube.com/embed/_iDMgliwtV8
./2023/august/19/index.org	Trying To Shut Daddy Out	https://www.youtube.com/embed/hOgADqZVC3U
./2023/august/19/index.org	Climbing Stairs At Library	https://www.youtube.com/embed/3EPkz4NLFb8
./2023/august/19/index.org	Feeding Noumena To T Rex	https://www.youtube.com/embed/qPzYsvudToQ
./2023/august/19/index.org	Watching The Turtle	https://www.youtube.com/embed/ou5o1FR3oXw
./2023/august/19/index.org	Scared Of The Dinos	https://www.youtube.com/embed/95_LY2ebhqw
./2023/august/19/index.org	Waking Up From Long Nap	https://www.youtube.com/embed/vlbRaIysTJA
./2023/august/19/index.org	Eating Tofu Scramble And Jelly Toast	https://www.youtube.com/embed/3tacO8IrL6Y
./2023/august/19/index.org	Noumena Driving Daddys CAr	https://www.youtube.com/embed/oYmIVu8HZqY
./2023/august/19/index.org	Walking Along The Edge At Riverwalk	https://www.youtube.com/embed/GJuZVi9fFTE
./2023/august/19/index.org	Walking Along Ledge At Riverwalk	https://www.youtube.com/embed/5c4TyGCOazs
./2023/august/19/index.org	Walking Along Side The River With Noumena Talking	https://www.youtube.com/embed/ERnOxmiD8Xs
./2023/august/04/index.org	Eating Dinner	https://www.youtube.com/embed/ShJS_HEosS0
./2023/august/04/index.org	Throwing Away Trash	https://www.youtube.com/embed/sCAQewEW1hM
./2023/august/04/index.org	Running Around The House	https://www.youtube.com/embed/2KTd0M3VJLY
./2023/august/04/index.org	Hugging The Pose At The Park	https://www.youtube.com/embed/pp8Zur_6B_A
./2023/august/04/index.org	Spying On Noumena So She Cant See	https://www.youtube.com/embed/leiGBrlsb5E
./2023/august/04/index.org	More Spying And Eventually Kissing Daddy	https://www.youtube.com/embed/NtjT-0TevLk
./2023/august/04/index.org	VID 20230804 193717	https://www.youtube.com/embed/i9-iNhVP07Y
./2024/february/12/index.org	New Clothes With Pockets	https://www.youtube.com/embed/BHLpobVsPKc
./2024/february/12/index.org	Deliberately Sneezing	https://www.youtube.com/embed/RBrPtJ_8Kr0
./2024/february/12/index.org	Cuteness Agression	https://www.youtube.com/embed/VzK3H5WmQoI
./2024/february/12/index.org	More Cuteness Aggression	https://www.youtube.com/embed/pggMzYwdAWo
./2024/february/12/index.org	More Soymilk	https://www.youtube.com/embed/urWi1WgxXAQ
./2024/february/12/index.org	Playing In Living Room Drinking Soymilk	https://www.youtube.com/embed/QfWS240uuuI
./2024/february/12/index.org	Talking To Daddy After Bath	https://www.youtube.com/embed/S9h5HynSqHE
./2024/february/12/index.org	Noumena Likes Daddy Singing	https://www.youtube.com/embed/1mTKzJHOxgI
./2023/august/02/index.org	Doing Laundry With Mommy	https://www.youtube.com/embed/hysCzQpNJPk
./2023/august/02/index.org	Weird Behavior At The Door	https://www.youtube.com/embed/UZE7TaL5j9M
./2023/august/02/index.org	Rocking At The Park	https://www.youtube.com/embed/2NyBQJRm-uo
./2023/august/02/index.org	Going Down The Slide With Daddy	https://www.youtube.com/embed/qS-RvuydPuI
./2023/august/02/index.org	Noumena Says Owl All The Time	https://www.youtube.com/embed/x4gbaCOjPDQ
./2023/august/02/index.org	Sitting On Daddys Car	https://www.youtube.com/embed/yP__4nwzFU0
./2023/august/02/index.org	Dancing In The Livingroom	https://www.youtube.com/embed/_vcP5HUG7b0
./2023/october/15/index.org	Pressing Her Button Toy	https://www.youtube.com/embed/g6NDXM1lPHE
./2023/october/15/index.org	Playing With Toys On Chalmers	https://www.youtube.com/embed/wzIEJ8zoO9s
./2023/october/15/index.org	Putting Strings On Chalmers	https://www.youtube.com/embed/ijopc8LFDHQ
./2023/october/15/index.org	Mimicking Animals	https://www.youtube.com/embed/-D_POwX1Ohg
./2023/october/15/index.org	Chilling In The Cabinets	https://www.youtube.com/embed/YVlEEFOOlXU
./2023/october/15/index.org	Messing With Cabinets	https://www.youtube.com/embed/irHXBRU5eEc
./2023/october/15/index.org	Playing With Wood Chips	https://www.youtube.com/embed/mkIUxxyp5fs
./2023/october/15/index.org	Running Around With Fatou	https://www.youtube.com/embed/8gfmkaZ2_jo
./2023/october/15/index.org	Supporting Her Own Bodyweight	https://www.youtube.com/embed/tLySNZi7bIA
./2023/october/15/index.org	Throwing Wood Chips On Daddys Shoes	https://www.youtube.com/embed/sy6kRqozxrc
./2023/october/15/index.org	Hugging Fatou	https://www.youtube.com/embed/K2JoEjQU9zQ
./2023/august/03/index.org	Playing With Daddy In The Bedroom	https://www.youtube.com/embed/X0fYdgOchTE
./2023/august/03/index.org	Going Down Slide Chasing Daddy	https://www.youtube.com/embed/XYowsS-N7S0
./2023/august/03/index.org	Playing On The Equipment	https://www.youtube.com/embed/_WTsJg_E6t8
./2023/august/18/index.org	Reading Owl Books At Home	https://www.youtube.com/embed/67z_lNp3WB0
./2023/august/18/index.org	Watching Daddy Cook Because Of Separation Anxiety	https://www.youtube.com/embed/zCFHonY8UeY
./2023/august/18/index.org	Trying To Get Noumena To Climb By Herself	https://www.youtube.com/embed/ASm7xiI_Xvg
./2023/august/18/index.org	Climbing After Sliding	https://www.youtube.com/embed/ilm33ZBPLb8
./2023/august/18/index.org	Sliding Down After Daddy	https://www.youtube.com/embed/GKP8uCMc5dM
./2023/august/18/index.org	Climbing All The Way Up	https://www.youtube.com/embed/Y5jZ5Dxekpc
./2023/august/18/index.org	Seeing An Owl On The Way Home	https://www.youtube.com/embed/1-kBHlr0loA
./2023/july/31/index.org	Saying Good Morning To Kisa	https://www.youtube.com/embed/n5W7L_G7Jn8
./2023/july/31/index.org	Following Kisa Around	https://www.youtube.com/embed/NjyjOeAaMII
./2023/july/31/index.org	Playing With Her Shopping Cart	https://www.youtube.com/embed/3uc46dW0Y2U
./2023/july/31/index.org	Tossing A Ball Back And Forth With Neighbor Friend	https://www.youtube.com/embed/dWhe_9geLds
./2024/february/09/index.org	Playing With Mommys Toys Right When She Wakes Up	https://www.youtube.com/embed/BqA_eBLsHvQ
./2024/february/09/index.org	Playing With Mommys Toys Right When She Gets Home	https://www.youtube.com/embed/1i6iBXJGdE0
./2024/february/09/index.org	Eating PBandJ Mommy Made	https://www.youtube.com/embed/_zspTplCCfk
./2024/february/09/index.org	Taking Blanky On A Walk	https://www.youtube.com/embed/ZjBALfAoir8
./2024/february/09/index.org	Walking Around Outside Then Into CVS	https://www.youtube.com/embed/g-eT8Sbu0QU
./2024/february/09/index.org	Kissing Daddys Head	https://www.youtube.com/embed/0Zuvp98eZyg
./2024/february/09/index.org	Reading Mommys Book	https://www.youtube.com/embed/-UYq-DOLs98
./2023/october/13/index.org	Mommy Picking Up Noumena From Daycare	https://www.youtube.com/embed/lKLcEWbLwL0
./2023/october/13/index.org	Russian Nesting Doll Owls	https://www.youtube.com/embed/7nQyXM28zwI
./2023/october/13/index.org	Mimicking Animal Noises	https://www.youtube.com/embed/vHVqIlYIjrU
./2023/october/13/index.org	Laying On Kitchen Floor	https://www.youtube.com/embed/PRn3wQ8N920
./2023/october/13/index.org	Playing In Living Room	https://www.youtube.com/embed/tke8Sx7GZuU
./2023/october/13/index.org	Making Funny Faces	https://www.youtube.com/embed/OZ5dR36Hvos
./2023/october/13/index.org	Swinging With Arms In Funny Position	https://www.youtube.com/embed/dHPWp7utAQI
./2023/october/13/index.org	Being Cute On Bed	https://www.youtube.com/embed/1MzDJ2_AKmY
./2023/october/12/index.org	Playing In Water And Dragging Daddy Around At Park	https://www.youtube.com/embed/WFT37KJ2InU
./2023/october/12/index.org	Being Kinda Mean To Kisa	https://www.youtube.com/embed/DvjDmioElk4
./2023/october/12/index.org	Pushing The Cart In The Store	https://www.youtube.com/embed/VNu3O8BrwOY
./2023/october/12/index.org	Noumena Discovers Her Hair	https://www.youtube.com/embed/g6RkhQ81n5A
./2023/august/16/index.org	Waking Noumena Up	https://www.youtube.com/embed/Pj0V-_RTXIQ
./2023/august/16/index.org	Riding In Cart At Target	https://www.youtube.com/embed/hJU5IB3Q2b8
./2023/august/16/index.org	VID 20230816 183019	https://www.youtube.com/embed/gxz2CvNbp3I
./2023/august/16/index.org	Drawing On Her Sketchpad	https://www.youtube.com/embed/Y39y_kP-ycs
./2023/august/16/index.org	Noumena Playing Dead	https://www.youtube.com/embed/5E4wAEs9E9M
./2023/august/16/index.org	Taking Blanky To Lay Down	https://www.youtube.com/embed/e9iPneQA6Lw
./2023/august/16/index.org	Singing Elmos World To Noumena	https://www.youtube.com/embed/GCHw5BzFKuI
./2023/august/16/index.org	Drawing On Her Sketchpad 2	https://www.youtube.com/embed/8S3gaIpC0U0
./2023/october/11/index.org	Being Crazy At The Park	https://www.youtube.com/embed/tkn7Qf0fQ8o
./2023/october/11/index.org	Hugging Daddys Head	https://www.youtube.com/embed/DaFy74UEoco
./2023/october/11/index.org	Playing With Her Food	https://www.youtube.com/embed/TyupdsI4mEg
./2023/october/11/index.org	Tickle Scratching Noumena	https://www.youtube.com/embed/solnmVdZOIU
./2023/october/11/index.org	Noumena Says Daddy And I Go Crazy	https://www.youtube.com/embed/XvG0-PnWg_o
./2023/october/11/index.org	Trying To Get Noumena To Say Daddy	https://www.youtube.com/embed/611UHDZ1Dqg
./2024/february/11/index.org	Rocking Out To Tigran	https://www.youtube.com/embed/B-bF6RBw4BA
./2024/february/11/index.org	Noumena Talking Daddy Calling Chalmers	https://www.youtube.com/embed/BmVEnx04weE
./2024/february/11/index.org	Eating Tofu Green Curry	https://www.youtube.com/embed/gJ1BHIXsi5U
./2024/february/11/index.org	Playing With Doggies At Arlingwood Park	https://www.youtube.com/embed/dKoZYaBcN30
./2024/february/11/index.org	Swinging In Big Firl Swing	https://www.youtube.com/embed/PnrVGKrX5vY
./2024/february/11/index.org	Running Around With Daddy	https://www.youtube.com/embed/S7jJCmqTTJo
./2024/february/11/index.org	Getting Her To Run Home By Bribing Her With Blanky	https://www.youtube.com/embed/_M235uWmaUM
./2024/february/11/index.org	Picking Up Blanky	https://www.youtube.com/embed/4pZEa17am9w
./2023/august/17/index.org	Happy Baby Eating Dinner	https://www.youtube.com/embed/hBlvpwhUzj8
./2023/august/17/index.org	Stepping Over Daddys Leg	https://www.youtube.com/embed/kKzp3QKVxpk
./2023/august/17/index.org	Good Mood Traveling To Park	https://www.youtube.com/embed/VvtmdpT9f3k
./2023/august/17/index.org	Playing With Sticks	https://www.youtube.com/embed/zdlH4aEmly0
./2023/august/17/index.org	Noumena Jumping Onto Daddy	https://www.youtube.com/embed/RIiMKbh87zY
./2023/august/17/index.org	Chasing Chickens And Playing In Tall Grass	https://www.youtube.com/embed/ztFpdx54MGE
./2023/august/17/index.org	Putting Shoe On Daddys Head	https://www.youtube.com/embed/p5hWC37yf3g
./2023/august/17/index.org	Reading New Book Mommy Got	https://www.youtube.com/embed/HIPkoyK-kAU
./2023/august/17/index.org	Turning On The Lights	https://www.youtube.com/embed/ucCzNYm5l_I
./2023/august/17/index.org	Drawing	https://www.youtube.com/embed/5FF4oR1Rc34
./2023/august/17/index.org	Noumena Says Hi	https://www.youtube.com/embed/G8LQoY6bYNU
./2023/october/07/index.org	Sticking Tongue Out On Couch	https://www.youtube.com/embed/UPRVNGOWxYw
./2023/october/07/index.org	Playing With Drum Sticks	https://www.youtube.com/embed/u9EBtO83nx8
./2023/october/07/index.org	Playing With Papers	https://www.youtube.com/embed/1ifDFGmiQOg
./2023/october/07/index.org	Watching TV With Daddy	https://www.youtube.com/embed/TXsVCmXsEV8
./2023/october/07/index.org	Watching TV Relaxing On Daddy	https://www.youtube.com/embed/LAglc-F2opE
./2023/october/07/index.org	Noumena Says Daddy	https://www.youtube.com/embed/PA-l8KUHEEY
./2023/october/07/index.org	Relaxing On Bed	https://www.youtube.com/embed/V846oDoiRRE
./2023/october/07/index.org	Laying Down Watching Fishies	https://www.youtube.com/embed/_rAsCY0r5Ic
./2023/october/10/index.org	Playing With Aligator Toy	https://www.youtube.com/embed/h76O3g3tPz0
./2023/october/10/index.org	Visiting Dog Named Aura At Park	https://www.youtube.com/embed/tPlHAutmNns
./2023/october/10/index.org	Playing With Mulch At Park	https://www.youtube.com/embed/_3FCZE8Tqp0
./2023/october/10/index.org	French Kiss Hippopotamus	https://www.youtube.com/embed/n25fOTdTiNs
./2023/october/03/index.org	Greeting Kisa When We Arrive Home	https://www.youtube.com/embed/bXNsByKTojk
./2024/february/08/index.org	Noumena Being Refreshed After Drinking	https://www.youtube.com/embed/3_l38mXOItM
./2024/february/08/index.org	Rocking Out To Physical Education	https://www.youtube.com/embed/cXpcBAPgIac
./2024/february/08/index.org	Playing In The Living Room	https://www.youtube.com/embed/uL972Hb7fxI
./2024/february/08/index.org	Fishing With Mommy	https://www.youtube.com/embed/7tle8E-jtLw
./2024/february/08/index.org	Playing With Mommy In Bedroom	https://www.youtube.com/embed/MrGa2mb9sbk
./2024/february/08/index.org	More Fishing Practice	https://www.youtube.com/embed/lf5R_ovGg0g
./2023/october/09/index.org	Petting Noumena To Sleep	https://www.youtube.com/embed/N2QzBsgZflI
./2023/october/09/index.org	Hugging Daddys Head	https://www.youtube.com/embed/s_osYXAqLb0
./2023/october/09/index.org	Kissing Noumenas Bunny	https://www.youtube.com/embed/dBDO8UQ5NHI
./2023/october/09/index.org	Changing Babys Diaper	https://www.youtube.com/embed/flRbzOWxRLM
./2024/february/14/index.org	Admiring Noumenas Beauty While She Eats	https://www.youtube.com/embed/HOCZCqeUV3Y
./2024/february/14/index.org	Sitting On Mommys Lap In Car	https://www.youtube.com/embed/7An8VY95RsI
./2024/february/14/index.org	Throwing Things Down Drain	https://www.youtube.com/embed/3rHyNAddsfM
./2024/february/14/index.org	Playing With Daddy At Dinner	https://www.youtube.com/embed/178dEq0sXSA
./2024/february/14/index.org	Watching Daddy Poor Water Over His Head	https://www.youtube.com/embed/MRpCxT35XE4
./2024/february/14/index.org	Washing Noumenas Feet	https://www.youtube.com/embed/NHoHDfq7UFc
./2024/february/14/index.org	Saying Meshuggah	https://www.youtube.com/embed/kiBF2Se5YJs
./2023/october/05/index.org	Noumena&#39;s First Lock Of Hair	https://www.youtube.com/embed/ENkD926kDe8
./2023/october/02/index.org	Reading Her Book On The Way Home	https://www.youtube.com/embed/_H6tgIQEJVk
./2023/october/02/index.org	Singing With Daddy	https://www.youtube.com/embed/lTSWV2X8AR4
./2023/october/02/index.org	Visiting Neighborhood Cat	https://www.youtube.com/embed/pFH9NMB4aGo
./2023/october/02/index.org	Singing High Pitched With Daddy	https://www.youtube.com/embed/4PSJnYqy560
./2023/october/02/index.org	Running With Daddy	https://www.youtube.com/embed/22chYrFmsAE
./2023/august/15/index.org	Walking In The Park	https://www.youtube.com/embed/6BSZPtWC-zY
./2023/august/15/index.org	Playing At The Park	https://www.youtube.com/embed/Mc8gXQM1pAI
./2023/august/15/index.org	Bites On Noumenas Foot	https://www.youtube.com/embed/QFwTZO1tqCo
./2023/august/15/index.org	Going To Kisa	https://www.youtube.com/embed/X_xnA-pfcYU
./2023/august/15/index.org	Kissing Kisa	https://www.youtube.com/embed/EM6bQGtUyXg
./2024/february/07/index.org	Pointing To Herself When Daddy Says I Love You	https://www.youtube.com/embed/9XvAoCY6gfo
./2024/february/07/index.org	Playing With Chalmers	https://www.youtube.com/embed/PIzmCE5LyXU
./2024/february/07/index.org	Running Through Leaves	https://www.youtube.com/embed/URQmm8CbEF0
./2024/february/07/index.org	Messing With Her Caterpillar Toy And Playing In Living Room	https://www.youtube.com/embed/rRiUDtjEb2g
./2024/february/07/index.org	Eating Noodle	https://www.youtube.com/embed/sH52kJnxQGA
./2024/february/07/index.org	Dancing	https://www.youtube.com/embed/cH6hBJ5DHME
./2024/february/07/index.org	Picking On Chalmers Together	https://www.youtube.com/embed/f0ngdP7zqeQ
./2024/february/07/index.org	Mimicking Miss Rachel	https://www.youtube.com/embed/RgZ_sBuUvnY
./2023/october/01/index.org	Wiping Hands Off After Fall	https://www.youtube.com/embed/ZTDDVLVbpXI
./2023/october/01/index.org	Being Genntle With Chalmers	https://www.youtube.com/embed/pdzXpzyyNBc
./2023/july/18/index.org	happy morning noumena	https://www.youtube.com/embed/gn442lysbew
./2023/july/18/index.org	hitting head on swing	https://www.youtube.com/embed/ejtvkMET_IE
./2023/july/18/index.org	on the bed with chalmers	https://www.youtube.com/embed/ngz_itdO7TI
./2023/july/18/index.org	chalmers aggressively kissing noumena	https://www.youtube.com/embed/5ixdv1y7i5E
./2023/july/18/index.org	more popout toy	https://www.youtube.com/embed/7oYPsXnVz88
./2023/july/18/index.org	playing with popout toy	https://www.youtube.com/embed/KOxgdMlriv8
./2023/july/18/index.org	playing in the living room	https://www.youtube.com/embed/e9yEq5UbcXQ
./2023/july/18/index.org	she doesnt care about the mirror	https://www.youtube.com/embed/7UNlpjHG1p0
./2024/february/02/index.org	Trying To Get Noumena To Say I Love You	https://www.youtube.com/embed/rDr4X8BG7y0
./2024/february/02/index.org	Eating Oatmeal With Daddy	https://www.youtube.com/embed/uCDgMC-WZPU
./2024/february/02/index.org	Eating Oatmeal Breakfast	https://www.youtube.com/embed/vTvjp9b-9go
./2024/february/02/index.org	Picking Up Heavy Rocks And Wandering Outside	https://www.youtube.com/embed/XZ2NTIH41O0
./2024/february/02/index.org	Playing With Instrument Cards	https://www.youtube.com/embed/XhRS0Wjpr5E
./2024/february/02/index.org	Drawing On Daddys Notepad	https://www.youtube.com/embed/dTSk4aIizZI
./2024/february/02/index.org	Being Happy At Destination Church	https://www.youtube.com/embed/AW0--7DsmSU
./2023/august/14/index.org	Playing Fetch With Noumena	https://www.youtube.com/embed/aPpjNlEUrjM
./2023/august/14/index.org	Eating Soup Together	https://www.youtube.com/embed/jZ-7HV0kdvY
./2023/august/14/index.org	Oksana Bought Noumena Owl	https://www.youtube.com/embed/1wD_P5wycdE
./2023/august/14/index.org	Playing With Her Owl	https://www.youtube.com/embed/aDTW6VpjU9M
./2023/august/14/index.org	More Playing With Her Owl	https://www.youtube.com/embed/_Qqd_RC5VSc
./2023/august/14/index.org	Throwing Sandals Out Of Cart	https://www.youtube.com/embed/aQVCu9WDPf8
./2023/august/14/index.org	Riding In The Cart For The First Time	https://www.youtube.com/embed/QkmFhmV59iM
./2023/august/14/index.org	Playing With Toys Wandering Around Walmart	https://www.youtube.com/embed/PIhZw5yK81g
./2023/august/14/index.org	Playing In The Volley Balls Like A Ball Pit	https://www.youtube.com/embed/WmKOyNLRS7I
./2023/august/14/index.org	Trying To Climb Then Throwing Away Trash	https://www.youtube.com/embed/bDBtnNq44sA
./2023/august/14/index.org	A Dog Friend Comes By	https://www.youtube.com/embed/ivUODGJjmuw
./2023/august/14/index.org	Grabbing The Dog By The Leash	https://www.youtube.com/embed/csN2ZGshYMo
./2023/august/14/index.org	Holding The Dog By The Leash	https://www.youtube.com/embed/6VUU9bSUQUE
./2023/august/14/index.org	Chasing The Dog	https://www.youtube.com/embed/i7Ucm3ZZysU
./2023/september/29/index.org	Making Funny Sniffles Walking	https://www.youtube.com/embed/b1NPXy83_Tg
./2023/september/29/index.org	Beating Up Daddy On Bed	https://www.youtube.com/embed/n1lUnkZ5JiQ
./2023/july/30/index.org	Wrestling And Running Around On Bed	https://www.youtube.com/embed/jbbgw5TJ7bU
./2023/july/30/index.org	Pulling Noumena In Diaper Box	https://www.youtube.com/embed/LkpvysstJTM
./2023/july/30/index.org	Reading With Noumena And Noumena Being Cute	https://www.youtube.com/embed/MeTi9YckRtM
./2023/july/30/index.org	Noumena Likes Mango	https://www.youtube.com/embed/EkAiAn5Jli0
./2023/july/30/index.org	Going Down The Twisty Slide Alone	https://www.youtube.com/embed/u2PG_1Nadjw
./2023/july/30/index.org	Going Down The Twisty Slide All By Herself	https://www.youtube.com/embed/pM6kXBVHJeY
./2023/july/30/index.org	More Going Down Twisty Slide Independently	https://www.youtube.com/embed/b0spJboNfoA
./2023/july/30/index.org	Going Down The Faster Slides	https://www.youtube.com/embed/s7UEja_vX50
./2023/july/30/index.org	Wandering Around The Playground	https://www.youtube.com/embed/kvTAzrVcEX0
./2023/july/30/index.org	Doing Laundry With Daddy	https://www.youtube.com/embed/GbrNhaQlHu0
./2023/july/30/index.org	CHINA!	https://www.youtube.com/embed/6jP9pie_NcI
./2023/july/30/index.org	Climbing On Daddy	https://www.youtube.com/embed/tcLpxmwJsdM
./2023/july/30/index.org	Chewing Books Together	https://www.youtube.com/embed/Xf1FIvdJack
./2024/february/06/index.org	Playing In Garage	https://www.youtube.com/embed/fUNlbCpnXIs
./2024/february/06/index.org	Playing In Garage 2	https://www.youtube.com/embed/NIypwg-1y3k
./2024/february/06/index.org	Cleaning Her Elmo Bottle	https://www.youtube.com/embed/YEH21JEya2I
./2023/july/17/index.org	sitting on daddys lap	https://www.youtube.com/embed/VHMbEoACC-I
./2023/july/17/index.org	trying to put on shoes and adding rings to peg	https://www.youtube.com/embed/Rc8dGDI_PKw
./2023/july/17/index.org	playing with colander	https://www.youtube.com/embed/L2SriaWc0mc
./2023/july/17/index.org	playing with colander 2	https://www.youtube.com/embed/4O9jsTXjxfc
./2023/july/17/index.org	playing with colander 3	https://www.youtube.com/embed/nwnBSREKkIc
./2024/february/04/index.org	Walking Around At Breakfast	https://www.youtube.com/embed/xpNQDsZT9DQ
./2024/february/04/index.org	Saying Chalmers A Funny Way	https://www.youtube.com/embed/Ggm_YCrnKjw
./2024/february/04/index.org	Walking Around In Our Yard	https://www.youtube.com/embed/WvmtDtno6Do
./2024/february/04/index.org	Tempting The Doggies	https://www.youtube.com/embed/3_m818hQt58
./2024/february/04/index.org	Tickle Scratching Noumena	https://www.youtube.com/embed/d3SOZ0kj2tg
./2024/february/04/index.org	Eating Rice And Beans With Daddy	https://www.youtube.com/embed/1a5Nx3Saym8
./2024/february/04/index.org	Drawing On Daddys Note Pad	https://www.youtube.com/embed/WbKRKr7xfUE
./2024/february/04/index.org	Rocking Out To Meshuggah With Daddy	https://www.youtube.com/embed/WYdZtzEG9p4
./2023/september/13/index.org	Doing Weird Head Stuff	https://www.youtube.com/embed/IMDWSFFKnr4
./2023/september/13/index.org	Thowing A Fit Because She Cant Pick Up Trash	https://www.youtube.com/embed/D58mD2-8wpI
./2023/september/12/index.org	coloring on the book with mommy	https://www.youtube.com/embed/EtObk8OtNnc
./2023/september/12/index.org	thai dinner with mommy	https://www.youtube.com/embed/DKmMSofXdmA
./2023/july/29/index.org	she doesnt want to let go of daddy	https://www.youtube.com/embed/shBFypuU7-4
./2023/july/29/index.org	Noumena Makes Bubbles	https://www.youtube.com/embed/vyGQ4Lj8S_8
./2023/july/29/index.org	Playing With Keys At Story Time	https://www.youtube.com/embed/GNa57ZCvzTE
./2023/july/29/index.org	Pretending Books Are Phones	https://www.youtube.com/embed/JzGvyPbRNLc
./2023/july/29/index.org	Playing With Books	https://www.youtube.com/embed/mDNlK3MnyQc
./2023/july/29/index.org	Picking Up Trash	https://www.youtube.com/embed/xb_RJAM3ibg
./2023/september/14/index.org	Playing With Blocks At Park	https://www.youtube.com/embed/5vBb72F9JoQ
./2023/september/14/index.org	Chomping The Growing Onion	https://www.youtube.com/embed/oN9JFdlohX0
./2023/july/07/index.org	noumena teases chalmers with date	https://www.youtube.com/embed/fK8oPOvgbfM
./2023/july/07/index.org	pushing on train 3	https://www.youtube.com/embed/pbD9b0M-Enc
./2023/july/07/index.org	rolling on the floor	https://www.youtube.com/embed/bhsxZrsMmB0
./2023/july/07/index.org	wrestling on bed	https://www.youtube.com/embed/sZTsaVGP6oc
./2023/july/07/index.org	wrestling on bed 2	https://www.youtube.com/embed/DiPK4sCwjS0
./2023/july/07/index.org	flipping noumena on bed	https://www.youtube.com/embed/Ck7njcIJTKw
./2023/july/07/index.org	helping daddy with laundry	https://www.youtube.com/embed/CJgI5Hxm50M
./2024/february/05/index.org	Hide And Seek With Daddy	https://www.youtube.com/embed/po6bG70D-lQ
./2024/february/05/index.org	Eating At Daycare	https://www.youtube.com/embed/pY-U2PEu_P4
./2024/february/05/index.org	Back On Tigran	https://www.youtube.com/embed/TUAtnFHirco
./2024/february/05/index.org	Mistaking Jens Kidman For Daddy	https://www.youtube.com/embed/6o4GH3GOjQQ
./2024/february/05/index.org	Bouncing To Music	https://www.youtube.com/embed/P79dVSSA7Q8
./2024/february/05/index.org	Singing To Noumena After She Hurt Herself	https://www.youtube.com/embed/RzF0q4yz_z0
./2023/september/30/index.org	YouTube video player	https://www.youtube.com/embed/OW68rTI9Myw?si=9mjQJp8j3QWD9ac5
./2023/september/30/index.org	Eating FirstCandy	https://www.youtube.com/embed/0-CO6zbOBLo
./2023/september/30/index.org	Petting Kisa	https://www.youtube.com/embed/JT9okUpORxI?si=x8fFaRWBYL26cqe1
./2023/september/30/index.org	YouTube video player	https://www.youtube.com/embed/rhwLqqQdO2c?si=FQ4_vqRpuFdp3okk
./2023/september/30/index.org	YouTube video player	https://www.youtube.com/embed/nsP3NzWjcpM?si=vntjq7zujlP0xySz
./2023/september/30/index.org	Too Slow	https://www.youtube.com/embed/33k14Bu_nCU
./2023/september/30/index.org	Attacking Noumena In Car Seat	https://www.youtube.com/embed/YXCUt_ciXZQ
./2023/september/30/index.org	Eating With Fork For First Time	https://www.youtube.com/embed/y4m5fqo1WYU
./2023/september/30/index.org	Rocking With Boy At Arlingwood Park	https://www.youtube.com/embed/W60BVi2y4DI
./2023/september/30/index.org	Watching Boy Spin At Arlingwood Park	https://www.youtube.com/embed/dBee-XzewYE
./2023/september/30/index.org	Feeding Chalmers Daddys Drumstick	https://www.youtube.com/embed/NCi-qwIEsUc
./2023/september/11/index.org	Making A Mess Instead Of Helping Daddy	https://www.youtube.com/embed/B-pQc2wm7cM
./2023/september/11/index.org	Helping Daddy With Laundry	https://www.youtube.com/embed/dXdIYpjZPgo
./2023/september/11/index.org	Playing In The Garage While We Do Laundry	https://www.youtube.com/embed/O6xjrjYbH2w
./2023/september/11/index.org	Going Outside Into The Rain	https://www.youtube.com/embed/k0147LSna7Q
./2023/september/11/index.org	Playing In The Wet Yard	https://www.youtube.com/embed/Ko2KgmSmslY
./2023/september/11/index.org	Playing With Her Blanket In Living Room And Hugging Daddy	https://www.youtube.com/embed/GO9j4HHUf3U
./2023/july/02/index.org	7/8 when Noumena	https://www.youtube.com/embed/t23SKgn5UHI
./2023/july/02/index.org	Noumena Needs A Boost	https://www.youtube.com/embed/f6HsAkTXElk
./2023/july/02/index.org	eating apples making a mess	https://www.youtube.com/embed/BWJhf1LYE_M
./2023/july/02/index.org	Playing with Daddy&#39;s phone	https://www.youtube.com/embed/Mx_uqaL0kPk
./2023/july/02/index.org	Loving Chalmers	https://www.youtube.com/embed/KJM-OhEAmQk
./2023/july/02/index.org	Making Big Noises With The Rest of The Kids	https://www.youtube.com/embed/1NulW68Jbns
./2023/july/02/index.org	Little Girl Kisses Noumena	https://www.youtube.com/embed/5ntT05ucR1M
./2023/july/06/index.org	picking up noumena from daycare	https://www.youtube.com/embed/uE2xRoKp-u4
./2023/july/06/index.org	yaya and noumena on playground equipment	https://www.youtube.com/embed/FJI75HeuCAo
./2023/july/06/index.org	noumena slides to yaya	https://www.youtube.com/embed/5CaCZJph8e8
./2023/july/06/index.org	running from yaya	https://www.youtube.com/embed/FEs434zJYeY
./2023/july/06/index.org	chasing yaya	https://www.youtube.com/embed/oWds1SkK_o8
./2023/july/06/index.org	talking on the phone with daddy	https://www.youtube.com/embed/QbpBxg-tcLI
./2023/july/06/index.org	mounting chalmers	https://www.youtube.com/embed/jP0K8ao5UkM
./2023/july/06/index.org	sock removal	https://www.youtube.com/embed/d0ebm4yY55U
./2023/july/06/index.org	hugging daddy	https://www.youtube.com/embed/s-Ct4_EqHPg
./2023/july/06/index.org	bringing book to daddy	https://www.youtube.com/embed/uz87yCfONLY
./2023/july/06/index.org	stand by me	https://www.youtube.com/embed/HQ-fUNXk63g
./2023/july/06/index.org	isnt she lovely	https://www.youtube.com/embed/462Es4J6niE
./2024/february/03/index.org	Making Noumena Say Bad Words	https://www.youtube.com/embed/OYWAUWqP7O4
./2024/february/03/index.org	Taking The Trash Out Of The Trash Can	https://www.youtube.com/embed/ympbeORpmFU
./2024/february/03/index.org	Listening To Polyphia With Daddy	https://www.youtube.com/embed/DXr7U-4meaU
./2024/february/03/index.org	Dancing To Physical Education	https://www.youtube.com/embed/ItHvCOtrjgQ
./2024/february/03/index.org	More Playing With Noodles At Park	https://www.youtube.com/embed/UMSjVv_N2jo
./2024/february/03/index.org	Playing With Pool Noodles In The Park	https://www.youtube.com/embed/D6JD7Ux1uHQ
./2024/february/03/index.org	Swinging Hanging Onto Noodles	https://www.youtube.com/embed/TE85lpr0HEo
./2024/february/03/index.org	Feeding The Doggy Daddy Won From Claw Machine	https://www.youtube.com/embed/PlYZpkZDfRA
./2024/february/03/index.org	Playing In Crib Listening To Nuryl With Daddy	https://www.youtube.com/embed/bXJoint6jPc
./2024/february/03/index.org	Mommy Tied Up Noumenas Legs	https://www.youtube.com/embed/-mgKQn8OZqQ
./2023/july/16/index.org	hanging with daddy	https://www.youtube.com/embed/rjOrYUOXYs4
./2023/july/16/index.org	just sitting on block	https://www.youtube.com/embed/SbojMdUGwFE
./2023/july/16/index.org	blowing in the wind at the pier	https://www.youtube.com/embed/ZSFDjYvu6UQ
./2023/july/16/index.org	on the pier	https://www.youtube.com/embed/iIKfOIZYeQo
./2023/july/16/index.org	chasing birdy	https://www.youtube.com/embed/Nw1Z5Xde-f0
./2023/july/16/index.org	eating dinner	https://www.youtube.com/embed/mlWpDtFBMk8
./2023/july/16/index.org	walking home	https://www.youtube.com/embed/g9puZeiWLyc
./2023/july/16/index.org	dancing noumnea	https://www.youtube.com/embed/fICCMJaB67s
./2024/february/01/index.org	Chewing On Her Pet Stuffed Animals	https://www.youtube.com/embed/1K6_tu7GTbQ
./2023/july/28/index.org	trying to get noumena to go after chalmers	https://www.youtube.com/embed/YzPfipglDPE
./2023/july/28/index.org	sitting in her car seat	https://www.youtube.com/embed/ttIv2cF99es
./2023/july/28/index.org	she says owl	https://www.youtube.com/embed/Y2szBp9RchM
./2023/july/28/index.org	sitting on daddys pillow	https://www.youtube.com/embed/zttde9dWvHY
./2023/july/28/index.org	VID 20230728 202057	https://www.youtube.com/embed/dXVI07stBtw
./2023/july/05/index.org	Before daycare	https://www.youtube.com/embed/2YLmgqSCf8w
./2023/july/05/index.org	Talking on the phone	https://www.youtube.com/embed/bufiP1zhnqI
./2023/july/05/index.org	More Talking  On The Phone	https://www.youtube.com/embed/UQmwCh2aF4U
./2023/july/05/index.org	Playing with Daddy&#39;s head	https://www.youtube.com/embed/dPqctkQvxOU
./2023/july/05/index.org	Paliteli Paliteli Na Golovashku Seli	https://www.youtube.com/embed/9X2sYxR4xdk
./2023/july/01/index.org	Baggy Pajamas	https://www.youtube.com/embed/EkAC41CCdE4
./2023/july/01/index.org	Hanging out before the library	https://www.youtube.com/embed/mvFVAblLgs0
./2023/july/01/index.org	playing with friends in the playroom at the library	https://www.youtube.com/embed/lPPu-vvXuU8
./2023/july/01/index.org	Being a magic baby	https://www.youtube.com/embed/VJSA1rmTwqI
./2023/july/01/index.org	Finger stuck	https://www.youtube.com/embed/kzIHbLbESzA
./2023/july/01/index.org	Team work with toys	https://www.youtube.com/embed/icN9RIbC21s
./2023/july/01/index.org	Taking A baby&#39;s organs	https://www.youtube.com/embed/B6Ul4gNmh5Y
./2023/july/01/index.org	Yelling is amusing	https://www.youtube.com/embed/ms8CkVc66Vk
./2023/july/04/index.org	Chalmers tolerating Noumena	https://www.youtube.com/embed/0v9rwOH6Tk0
./2023/july/04/index.org	Chalmers strikes back	https://www.youtube.com/embed/N5m9YC9PSko
./2023/july/04/index.org	Get out of here	https://www.youtube.com/embed/jhWRAR3SXP4
./2023/july/04/index.org	Goofy sounds make Noumena Laugh	https://www.youtube.com/embed/8u5QOqDeMOU
./2023/july/04/index.org	Dancing To A Discordant System	https://www.youtube.com/embed/TzRlpxsl9xA
./2023/july/04/index.org	Daddy Acting Like A Monster	https://www.youtube.com/embed/FJv7TzF3t4g
./2023/july/04/index.org	Noumena Loves Chalmers	https://www.youtube.com/embed/jtofSg-XMA0
./2023/july/04/index.org	Feeding Daddy Apples	https://www.youtube.com/embed/2OC8oeOEbKY
./2023/july/04/index.org	Daddy Acting Crazy	https://www.youtube.com/embed/QNsI-n3RV9U
./2023/july/04/index.org	Daddy Still Acting Crazy	https://www.youtube.com/embed/UBuA1RePm9w
./2023/july/04/index.org	Condoning Bad Behavior	https://www.youtube.com/embed/mTOghbO1EWQ
./2023/july/04/index.org	Riding Daddy&#39;s Legs	https://www.youtube.com/embed/aOQRbMMCqes
./2023/july/04/index.org	Daddy doesn&#39;t Want Noumena To Go To Bed	https://www.youtube.com/embed/xNSw3oWCfIU
./2023/july/03/index.org	Wrestling With Daddy	https://www.youtube.com/embed/VpXwxFVZ7Yg
./2023/july/03/index.org	Sliding On her Blocks	https://www.youtube.com/embed/er5UDm5Clsk
./2023/july/03/index.org	Running Up And Down	https://www.youtube.com/embed/2LJ4bALENis
./2023/july/03/index.org	Playing In Noumena&#39;s Room	https://www.youtube.com/embed/zQ8ztr5o96M
./2023/july/03/index.org	Walking amongst the trees	https://www.youtube.com/embed/2-iB7gc82nA
./2023/september/28/index.org	Taunting Chalmers Until He Steals Her Food	https://www.youtube.com/embed/_LLR5OG6gnk
./2023/september/28/index.org	Looking At The Chickens	https://www.youtube.com/embed/aGDYIAFgTv8
./2023/september/28/index.org	Chasing The Geese	https://www.youtube.com/embed/tSWOLP354cg
./2023/september/28/index.org	Playing With Dog And Tennis Racket	https://www.youtube.com/embed/yfAHmdvFreQ
./2023/september/28/index.org	Tandem Swinging With Saraya	https://www.youtube.com/embed/EUagPtL6am4
./2023/september/28/index.org	Sliding With Saraya	https://www.youtube.com/embed/duVGc2wWPAg
./2023/september/28/index.org	Going Down Twisty Slide Herself	https://www.youtube.com/embed/zIkMWelUTlc
./2023/september/28/index.org	Climbing And Throwing Away Trash	https://www.youtube.com/embed/qqqlP0kqaZQ
./2023/september/28/index.org	Taunting Daddy And Chalmers	https://www.youtube.com/embed/CGtEOR5k9_0
./2023/july/27/index.org	trying to get her to chase the geese	https://www.youtube.com/embed/Q8tGpXysrIY
./2023/july/13/index.org	Playing With Train and Cube	https://www.youtube.com/embed/rY3Mq40_HnY
./2023/july/13/index.org	Playing With Train and Daddy&#39;s Favorite New Game	https://www.youtube.com/embed/CHKLwHBiEos
./2023/july/13/index.org	Hands On Head	https://www.youtube.com/embed/Ha6y5D2JJqQ
./2023/july/15/index.org	playing in noumenas room	https://www.youtube.com/embed/vn-VYomvPis
./2023/july/15/index.org	more playing in noumenas room	https://www.youtube.com/embed/PfOesmXcNM8
./2023/july/15/index.org	using chalmers as a booster	https://www.youtube.com/embed/M-2eqFYJ1u0
./2023/july/15/index.org	running in the hall	https://www.youtube.com/embed/aKhdrMpbv8M
./2023/july/15/index.org	fountain with mommy	https://www.youtube.com/embed/8uQhg6Mvw90
./2023/july/15/index.org	drinking from bottle without help	https://www.youtube.com/embed/JRATc4AtIm4
./2023/july/15/index.org	listening to christians sing	https://www.youtube.com/embed/fcOp02eBXTg
./2023/july/15/index.org	listening to jesus music	https://www.youtube.com/embed/QJcFnQvBp9E
./2023/july/15/index.org	hanging with daddy on the couch	https://www.youtube.com/embed/_jPFNd8dM3s
./2023/july/15/index.org	playing with daddys underwear	https://www.youtube.com/embed/7Kuzr3Ly0hk
./2023/july/15/index.org	eating puree	https://www.youtube.com/embed/78iyj-DyOZo
./2023/july/15/index.org	throwing puree away	https://www.youtube.com/embed/PlmhPneXfVs
./2023/july/15/index.org	fighting with chalmers	https://www.youtube.com/embed/8OBPi9wyyk4
./2023/july/15/index.org	climbing and sliding all by herself	https://www.youtube.com/embed/FgwrxbqJRyY
./2023/july/15/index.org	blackbean mess	https://www.youtube.com/embed/XI6TRjj5bv0
./2023/july/11/index.org	attacking daddys legs	https://www.youtube.com/embed/xXHA_ff6jsM
./2023/july/11/index.org	hurting herself at the park	https://www.youtube.com/embed/jn4Q8U6sLUU
./2023/july/11/index.org	wearing daddys shirt	https://www.youtube.com/embed/E04xDhLlk5Y
./2023/july/11/index.org	wearing daddys shirt 2	https://www.youtube.com/embed/PwaZ2s3TcYA
./2023/july/11/index.org	falling in spilled milk	https://www.youtube.com/embed/KEJ8rcgR7aA
./2023/july/11/index.org	reading with daddy	https://www.youtube.com/embed/PYvD5JkNIFY
./2023/july/11/index.org	using daddy as stepping stool	https://www.youtube.com/embed/ZN8chfbEZQA
./2023/july/11/index.org	trying to use daddy to climb	https://www.youtube.com/embed/b3F9HZ7sTSc
./2023/july/12/index.org	throwing away trash first thing at the park	https://www.youtube.com/embed/chmgzEQDhhM
./2023/july/12/index.org	traveling to throw away trash	https://www.youtube.com/embed/LXt5fXc1wfw
./2023/july/12/index.org	handing daddy sticks throwing away trash	https://www.youtube.com/embed/46OcZJJivIQ
./2023/july/12/index.org	going down the slide	https://www.youtube.com/embed/-UDl300_4iU
./2023/july/12/index.org	wanting to climb	https://www.youtube.com/embed/Yu9Nmb6hn0M
./2023/july/12/index.org	trying to climb	https://www.youtube.com/embed/bsxqQiwCJgc
./2023/july/12/index.org	throwing sticks back and forth	https://www.youtube.com/embed/v6yfccvQ5oM
./2023/july/12/index.org	picking up cart	https://www.youtube.com/embed/OHi6vA5vY3I
./2023/july/12/index.org	daddy kissing Noumena	https://www.youtube.com/embed/uqP2zDHVltI
./2023/june/30/index.org	Open wide!	https://www.youtube.com/embed/KjKbTiPNCBA
./2023/june/30/index.org	Go for the jugular	https://www.youtube.com/embed/1n90mWpSWRo
./2023/june/30/index.org	Fighting a baby	https://www.youtube.com/embed/-Vor1ruIDpk
./2023/june/30/index.org	Messing with Tupperware	https://www.youtube.com/embed/FYpIpUz1KvA
./2023/june/30/index.org	playing on her train and talking on her phone	https://www.youtube.com/embed/4ylwcwaeI64
./2023/june/30/index.org	More environmentalism	https://www.youtube.com/embed/EvfKCQelaMw
./2023/june/30/index.org	Down the slide with Daddy	https://www.youtube.com/embed/u-Ko-Hqo7Sg
./2023/june/30/index.org	Worn out from playing	https://www.youtube.com/embed/-HuYze7Vk9o
./2023/june/30/index.org	More talking on the phone	https://www.youtube.com/embed/ba0ix8ULXuY
./2023/june/30/index.org	Turning Sitting into a game	https://www.youtube.com/embed/kdG4eykmSyc
./2023/june/30/index.org	She figures the light out	https://www.youtube.com/embed/COs-YUFQlhE
./2023/june/30/index.org	Naked baby with the dog	https://www.youtube.com/embed/5LsDMfH0Bwg
./2023/june/30/index.org	Brushing Noumena&#39;s teeth	https://www.youtube.com/embed/zWmGreux8FE
./2023/september/27/index.org	Trying To Get Noumena To Look At Clouds	https://www.youtube.com/embed/nlXquLAPKz4
./2023/september/27/index.org	Chasing A Cat At The Park	https://www.youtube.com/embed/46VFwOb9HCE
./2023/september/27/index.org	Visiting A Doggy In The Neighborhood	https://www.youtube.com/embed/mJxfaO9L3lg
./2023/september/27/index.org	Chasing The Neighrborhood Cats	https://www.youtube.com/embed/QQQzMfBFT6Y
./2023/september/27/index.org	Visiting Neighborhood Dogs	https://www.youtube.com/embed/WDG_Y7p7N0E
./2023/september/27/index.org	Nomming Down That Chili	https://www.youtube.com/embed/DGy3uicyK3g
./2023/july/10/index.org	eating dinner while daddy is goofy	https://www.youtube.com/embed/Ttq2KMdu18U
./2023/july/10/index.org	reading with daddy	https://www.youtube.com/embed/-BoS_zjtT7k
./2023/july/10/index.org	playing piano with daddy	https://www.youtube.com/embed/faDSY_233JQ
./2023/july/10/index.org	playing drums with daddy 2	https://www.youtube.com/embed/bcu6g7sG2Zk
./2023/july/10/index.org	daddy makes funny noises walking home	https://www.youtube.com/embed/FqBmlvYpIqA
./2023/july/10/index.org	laughing in mirror	https://www.youtube.com/embed/jvm0diBQ7cI
./2023/july/14/index.org	the blanket game	https://www.youtube.com/embed/9U6IYVp8CHY
./2023/july/14/index.org	hangin out in the living room in the morning	https://www.youtube.com/embed/JCdTEyDyS54
./2023/july/14/index.org	outside daycare looking at the palm trees	https://www.youtube.com/embed/-80G4kyJKpc
./2023/july/14/index.org	bedroom to office wondering	https://www.youtube.com/embed/P8SGwE8fqEI
./2023/july/14/index.org	being a goof ball at home	https://www.youtube.com/embed/Ux1d9JLU0-Q
./2023/july/14/index.org	wandering around the play ground	https://www.youtube.com/embed/A3cWvdadcWI
./2023/july/14/index.org	teeder todder with chris same side	https://www.youtube.com/embed/PQao29wl7S4
./2023/july/14/index.org	back and forth on jiggle bridge	https://www.youtube.com/embed/w9r9AvcintQ
./2023/july/14/index.org	teeder todder with chris	https://www.youtube.com/embed/oLwVoojHLhg
./2023/september/10/index.org	Looking At The Elephants	https://www.youtube.com/embed/nbmBRwVfofU
./2023/september/10/index.org	Feeding The Giraffe	https://www.youtube.com/embed/WvIy4GPTkbI
./2023/september/10/index.org	Following The Pigs	https://www.youtube.com/embed/kyCzoMYNpS4
./2023/september/10/index.org	Leaning On The Window	https://www.youtube.com/embed/4sUKIVvyNfk
./2023/september/10/index.org	Carousel	https://www.youtube.com/embed/2T5quLm1trM
./2023/september/10/index.org	Eating Tofu Scramble	https://www.youtube.com/embed/oQEY6ZVQA-I
./2023/september/10/index.org	Caterpillar Song	https://www.youtube.com/embed/Ducu9aSUKZI
./2023/september/10/index.org	Little Girl Plays With Noumena	https://www.youtube.com/embed/aAsjZgJvOtA
./2023/september/10/index.org	Little Girl Carries Noumena Around	https://www.youtube.com/embed/TFjuMbrAYa0
./2023/july/26/index.org	giving chalmers kisses	https://www.youtube.com/embed/Skj6_h2xGdM
./2023/july/26/index.org	playing wtih multiple toys	https://www.youtube.com/embed/_Nv18UYYpiI
./2023/july/26/index.org	trying to put on shoes	https://www.youtube.com/embed/E9iKYWncyvU
./2023/july/26/index.org	grappling daddy on the playground	https://www.youtube.com/embed/tF6cfCUdtjM
./2023/july/26/index.org	picking up trash	https://www.youtube.com/embed/pOpquMlH_dw
./2023/july/26/index.org	noumena makes a mess with wipes	https://www.youtube.com/embed/R3O7upoHBhA
./2023/july/26/index.org	putting away wipes	https://www.youtube.com/embed/dn1Xib6kPO8
./2023/july/26/index.org	putting away wipe package	https://www.youtube.com/embed/ObRBeKcUUhQ
./2023/july/26/index.org	riding chalmers on the bed	https://www.youtube.com/embed/lcbMEw1Lb4U
./2023/july/26/index.org	picking up letters and putting them on wall	https://www.youtube.com/embed/uYseN1q1Lsc
./2023/september/25/index.org	Running Around With Neighborhood Dog	https://www.youtube.com/embed/H_36uktlJxQ
./2023/september/25/index.org	Going Down The Slide By Herself	https://www.youtube.com/embed/hYtUmrASGtw
./2023/september/25/index.org	Spider Attack	https://www.youtube.com/embed/fvCr41oXdTI
./2023/september/25/index.org	Rocking Her Baby	https://www.youtube.com/embed/yFJihHzhD-Y
./2023/june/29/index.org	She needs Daddy&#39;s help down the slide	https://www.youtube.com/embed/9UKesUghgMs
./2023/june/29/index.org	Independently cleaning the park	https://www.youtube.com/embed/Mi-jYEH7LCU
./2023/june/29/index.org	Asking Daddy for help cleaning	https://www.youtube.com/embed/4HXGb7-WbZM
./2023/june/29/index.org	Down the slide with Daddy	https://www.youtube.com/embed/r86lysQ69gs
./2023/june/29/index.org	She lets Daddy kiss her	https://www.youtube.com/embed/WUNWh6K-v_U
./2023/june/29/index.org	Trying to put socks on without Daddy	https://www.youtube.com/embed/xIvBTuC-b60
./2023/july/09/index.org	riding daddys shoulders arboretum	https://www.youtube.com/embed/lePSKTEMsuI
./2023/july/09/index.org	stairs at arboretum	https://www.youtube.com/embed/lPqrYl9m1pg
./2023/july/09/index.org	eating puffs arboretum	https://www.youtube.com/embed/qH9bFVK8Les
./2023/july/09/index.org	eating fruit puree arboretum	https://www.youtube.com/embed/-LLUvlv-JPs
./2023/july/09/index.org	eating more vereniki	https://www.youtube.com/embed/ydM52f2CBz8
./2023/july/09/index.org	huge smile sniffle face	https://www.youtube.com/embed/7rNJPhLoCk0
./2023/july/09/index.org	running circles sliding at park	https://www.youtube.com/embed/ykBJqMTRHUU
./2023/july/09/index.org	reading with daddy	https://www.youtube.com/embed/xUpa5kAqDGI
./2023/july/09/index.org	playing in waves with daddy 2	https://www.youtube.com/embed/kvlMw4O06Mo
./2023/july/09/index.org	feeding daddy salad	https://www.youtube.com/embed/ueViFXtKQbE
./2023/july/09/index.org	isnt she lovely	https://www.youtube.com/embed/Y7EnaAU29VA
./2023/july/23/index.org	bouncing on the bed being risky	https://www.youtube.com/embed/GtCNVmUN9mM
./2023/july/23/index.org	seeing noumena through the playground	https://www.youtube.com/embed/k35vajdFgMM
./2023/july/23/index.org	refusing to say owl on vidwo	https://www.youtube.com/embed/9pBMw-ih1o8
./2023/july/23/index.org	giving the doggy kisses	https://www.youtube.com/embed/dThlbQq6CPY
./2023/july/23/index.org	being cute playing by the mirror zooming in	https://www.youtube.com/embed/yoz-l8XAWrQ
./2023/july/23/index.org	rolling around on daddy	https://www.youtube.com/embed/VQIqaoC81ic
./2023/july/23/index.org	petting chalmers	https://www.youtube.com/embed/KsbnvAZVSBg
./2023/july/23/index.org	bouncing on daddys knee	https://www.youtube.com/embed/orcPxTGrBf0
./2023/july/23/index.org	taking steps without hands	https://www.youtube.com/embed/kaZS7QPg9jc
./2023/july/23/index.org	eating vereniki	https://www.youtube.com/embed/-iPAEoErw08
./2023/july/23/index.org	stealing daddys glasses while daddy bites noumena	https://www.youtube.com/embed/-Z9Uifilsvc
./2023/july/23/index.org	eating noumena alive	https://www.youtube.com/embed/N3J3b1vb8jY
./2023/july/23/index.org	noumena acting like chalmers	https://www.youtube.com/embed/4fgpgpCv-wo
./2023/july/23/index.org	throwing stuff away and spinning	https://www.youtube.com/embed/YuYAmQAUeEM
./2023/july/23/index.org	going to the pantry and eating puree	https://www.youtube.com/embed/F0DnKt-HmLQ
./2023/september/26/index.org	Playing With Animals In Car Seat	https://www.youtube.com/embed/5q_NnM1a3fw
./2023/june/28/index.org	Point and grunt!	https://www.youtube.com/embed/W2P-uFOZpR0
./2023/june/28/index.org	Talking on the phone	https://www.youtube.com/embed/yZS9vt3ks7E
./2023/june/28/index.org	Sitting On Chalmers	https://www.youtube.com/embed/g5DZXlGDPhY
./2023/june/28/index.org	chewing on my daughter	https://www.youtube.com/embed/sGlfgjEC0Do
./2023/june/28/index.org	Cleaning the park	https://www.youtube.com/embed/HT75OO8mFB8
./2023/june/28/index.org	Walking amongst the trees	https://www.youtube.com/embed/shZNPRq7AEo
./2023/june/28/index.org	Back and forth on the bridge	https://www.youtube.com/embed/9-K1hJnoNDs
./2023/june/28/index.org	SHE TALKS ON THE PHONE!!!!	https://www.youtube.com/embed/98scH0mlLpM
./2023/june/28/index.org	Stand by me	https://www.youtube.com/embed/O-P2PRORSyY
./2023/july/24/index.org	pouting and porridge	https://www.youtube.com/embed/GOFneAKTD1k
./2023/july/24/index.org	if youre happy and you know it	https://www.youtube.com/embed/snG4YotE4eQ
./2023/july/24/index.org	being dangerous at playground	https://www.youtube.com/embed/MFphxhM9To0
./2023/july/24/index.org	she climbs up the slide all by herself	https://www.youtube.com/embed/meXrUfKcAZA
./2023/july/24/index.org	gimme my money	https://www.youtube.com/embed/eW9OCTWi-Wk
./2023/july/24/index.org	playing with chalmers then daddy eating noumenas feet	https://www.youtube.com/embed/Ns1z7vO5yQo
./2023/september/02/index.org	Wandering Around The House	https://www.youtube.com/embed/BNvHQK-uGAA
./2023/september/02/index.org	Helping Daddy With The Laundry	https://www.youtube.com/embed/knfo525xcOc
./2023/september/02/index.org	More Helping Daddy With Laundry	https://www.youtube.com/embed/uY9bYm5Q1l0
./2023/september/02/index.org	Pulling Stuff Out Of The Drying For Daddy	https://www.youtube.com/embed/SF7bystv3nQ
./2023/september/02/index.org	With Mommy At River Walk	https://www.youtube.com/embed/q0hMf4vdZ0I
./2023/september/02/index.org	Playing With Coco Melon	https://www.youtube.com/embed/IX9fsdE8iRo
./2023/september/02/index.org	Saying Tree	https://www.youtube.com/embed/ddBJlwWg3O0
./2023/september/02/index.org	More Saying Tree	https://www.youtube.com/embed/MbFrKfdwfak
./2023/september/02/index.org	Hugging The Tree	https://www.youtube.com/embed/gmY3SxcmA6g
./2023/september/02/index.org	Handing Daddy Vegetation	https://www.youtube.com/embed/B7xhxYXuFqQ
./2023/september/02/index.org	Elephant Noises	https://www.youtube.com/embed/_0se1T9sSeg
./2023/september/02/index.org	Laying On The Floor With Noumena And Chalmers	https://www.youtube.com/embed/n0PZjsnuqP0
./2023/september/04/index.org	Building A Smoothie With Mommy	https://www.youtube.com/embed/6eeECV40mY4
./2023/september/04/index.org	Being A Goofball With Bread	https://www.youtube.com/embed/gAmpAwmsc7I
./2023/september/04/index.org	Playing In Her Fort	https://www.youtube.com/embed/Jt9ueeLNeGM
./2023/september/04/index.org	Testing Kisas Boundaries	https://www.youtube.com/embed/Iew7o02s79M
./2023/september/04/index.org	Bouncing On The Bridge At The Park	https://www.youtube.com/embed/AH1bUn8uB3E
./2023/september/04/index.org	Eating Chili For Dinner	https://www.youtube.com/embed/4DPXw5jt84M
./2023/september/04/index.org	Cleaning Up After Dinner	https://www.youtube.com/embed/uXeeCmMSMcg
./2023/july/22/index.org	some weird version of pouting	https://www.youtube.com/embed/hVB8_A5cC_w
./2023/july/22/index.org	walking around in the driveway	https://www.youtube.com/embed/zMq52kmgFlQ
./2023/july/22/index.org	using daddy as obstacle course and playing in kitchen	https://www.youtube.com/embed/4-rr5YNBgQw
./2023/july/22/index.org	clap your hands with mommy	https://www.youtube.com/embed/VrdsOv92Qm4
./2023/july/22/index.org	if youre happy and you know it	https://www.youtube.com/embed/N9pg8Qu4ZIc
./2023/july/22/index.org	playing with phone on daddys lap	https://www.youtube.com/embed/ApWVxBBDX1g
./2023/july/22/index.org	being dangerous	https://www.youtube.com/embed/N0TZjWs1PEA
./2023/july/22/index.org	giving noumena kisses	https://www.youtube.com/embed/KEfPBiZ0Voo
./2023/july/22/index.org	she doesnt care that daddy leaves	https://www.youtube.com/embed/TOgFGcHqLJI
./2023/july/22/index.org	running away from chalmers	https://www.youtube.com/embed/nTA5EfdpIyg
./2023/july/22/index.org	walking baby	https://www.youtube.com/embed/CQkSCzoeexw
./2023/july/22/index.org	eating noumenas hand in the mirror	https://www.youtube.com/embed/ZkSboqewcFk
./2023/september/01/index.org	Feeding Noumena Bread	https://www.youtube.com/embed/-4HbSxnUXAk
./2023/september/01/index.org	Reaching For The Bread	https://www.youtube.com/embed/bszhPvn-5tw
./2023/september/01/index.org	Drinking By Herself	https://www.youtube.com/embed/l7dXbwIxkXQ
./2023/september/01/index.org	Giving Daddy A Hard Time Changing	https://www.youtube.com/embed/vloyKwO_Od4
./2023/september/01/index.org	Blowing Bubbles With Miss Theresa	https://www.youtube.com/embed/Uzy4JD0vuBQ
./2023/september/01/index.org	Walking Around At The Park	https://www.youtube.com/embed/fzKCuqgj7lQ
./2023/september/01/index.org	Making Goofy Noises	https://www.youtube.com/embed/XPpbck2dyZU
./2023/september/24/index.org	Playing In Ball Pit With Mommy At Sensory Towne	https://www.youtube.com/embed/pX4GrXQYpgg
./2023/september/24/index.org	Playing On The Pads At Sensory Towne	https://www.youtube.com/embed/NABHxpO9UEY
./2023/september/24/index.org	Crawling Up The Rollers Sensory Towne	https://www.youtube.com/embed/oUX0EmXmgFM
./2023/september/24/index.org	Climbing Up To The Rollers At Sensory Towne Herself	https://www.youtube.com/embed/qpR7PUuSu_k
./2023/july/08/index.org	she puts the circle back	https://www.youtube.com/embed/RW5jVHNUX7Y
./2023/july/08/index.org	mommy and noumena play with trains	https://www.youtube.com/embed/5UpwwosWg2U
./2023/july/08/index.org	sitting with daddy in the water	https://www.youtube.com/embed/vUIa46KlT0Q
./2023/july/08/index.org	noumena and daddy wading into the water	https://www.youtube.com/embed/FQtoGpQjNsk
./2023/july/08/index.org	walking in the sand	https://www.youtube.com/embed/QLD5aA4md8w
./2023/july/08/index.org	looking at the bird	https://www.youtube.com/embed/gXQK6Xi338Q
./2023/july/08/index.org	getting braver walking in the water on her own	https://www.youtube.com/embed/i821H4iXgc0
./2023/july/08/index.org	playing with sand	https://www.youtube.com/embed/j8ZX8Y_ZnII
./2023/july/08/index.org	walking next to daddy brave	https://www.youtube.com/embed/Pkzi2Mzj8CM
./2023/july/08/index.org	talking on the phone on the bed	https://www.youtube.com/embed/-RKWzDIA8i4
./2023/july/08/index.org	isnt she lovely dance	https://www.youtube.com/embed/OXG3gMSblzw
./2023/july/08/index.org	stand by me dance	https://www.youtube.com/embed/wTZg9z2F5R0
./2023/september/03/index.org	Teasing Chalmers With Bread	https://www.youtube.com/embed/IO3ldkJvFJg
./2023/september/03/index.org	Playing In The Bathroom With Chalmers	https://www.youtube.com/embed/rIM8fN5ppek
./2023/september/03/index.org	Noumena Chases Kisa	https://www.youtube.com/embed/VQCts0F8cxc
./2023/september/03/index.org	Painting With Mommy	https://www.youtube.com/embed/PoJxQqw7SW0
./2023/september/03/index.org	Trying To Get Noumena To Say A Sentence	https://www.youtube.com/embed/Wa6K5N-wnj4
./2023/september/03/index.org	NOUMENA SAYS HER FIRST SENTENCE	https://www.youtube.com/embed/7g-dPKxNF44
./2023/september/03/index.org	Sleeping Like A Baby	https://www.youtube.com/embed/4VbrO9lEaZU
./2023/september/03/index.org	Wrestling With Noumena On The Bed	https://www.youtube.com/embed/QwF-k61RA_E
./2023/september/03/index.org	Playing In the Volley Balls At Walmart	https://www.youtube.com/embed/RtiSUQEh8OY
./2023/september/03/index.org	Playing With Toy Mommy Bough Noumena	https://www.youtube.com/embed/w4isWlIsuo4
./2023/september/06/index.org	Noumena Wants A Date	https://www.youtube.com/embed/lKAV4h_1OA8
./2023/september/06/index.org	Playing With Big Leaf	https://www.youtube.com/embed/jS5TR2EEvyk
./2023/september/06/index.org	Bouncing On Playground With Mommy	https://www.youtube.com/embed/XY6eESsLgPU
./2023/september/06/index.org	Bouncing Harder	https://www.youtube.com/embed/zrBtdmuhLVU
./2023/september/06/index.org	Playing In The Hose	https://www.youtube.com/embed/97cvBzUOvs8
./2023/september/06/index.org	Being Disobedient At The Park	https://www.youtube.com/embed/iPVHNmBaHo8
./2023/september/06/index.org	Chasing Chalmers At Home	https://www.youtube.com/embed/-JEA5M6A_HQ
./2023/july/21/index.org	noumena wears daddys boxers	https://www.youtube.com/embed/YfvrpsRvtHE
./2023/july/21/index.org	noumena doesnt cry when daddy leaves	https://www.youtube.com/embed/Q5KgGtskBFo
./2023/july/21/index.org	trying to give noumena nap	https://www.youtube.com/embed/PyPTNhCCZm4
./2023/july/21/index.org	walking with blanky over face	https://www.youtube.com/embed/KmQKCRuj2nw
./2023/july/21/index.org	playing on rocking toy	https://www.youtube.com/embed/yqXRArJ-Ejs
./2023/july/21/index.org	picking up stray cats	https://www.youtube.com/embed/UZfu-a6mb4g
./2023/july/21/index.org	daddy saves noumena	https://www.youtube.com/embed/na0VikPgfN4
./2023/july/21/index.org	noumena gets mad	https://www.youtube.com/embed/IG0gF6z4EEA
./2023/july/21/index.org	screaming in the mirror	https://www.youtube.com/embed/A6htdju3KR0
./2023/september/05/index.org	Insisting On Feeding Herself	https://www.youtube.com/embed/iHYed-DCF6w
./2023/september/05/index.org	Picking Her Up From Daycare	https://www.youtube.com/embed/_Bxy4Q5MQ-Q
./2023/september/05/index.org	Sitting In The Cabinets	https://www.youtube.com/embed/lYtOCLxAc7E
./2023/september/05/index.org	Eating Only Green Beans	https://www.youtube.com/embed/PEVaYS_yspE
./2023/september/05/index.org	Getting Dates	https://www.youtube.com/embed/KbckwZfBFmM
./2023/september/05/index.org	Riding A Bike	https://www.youtube.com/embed/duYvf2PaTqw
./2023/september/07/index.org	Pretending To Be Asleep	https://www.youtube.com/embed/nBTJx9Oi3is
./2023/september/07/index.org	Wheels On The Bus With Mommy At Olive Garden	https://www.youtube.com/embed/N-e80AVqtcY
./2023/september/07/index.org	Jeremiah Pushes Noumena In His Car	https://www.youtube.com/embed/aI3sBkTFfmk
./2023/september/07/index.org	More Jeremiah Pushing Noumena In His Car	https://www.youtube.com/embed/RpAtQAlN4rE
./2023/september/07/index.org	Jeremiah Pushes Noumena Fast And Far	https://www.youtube.com/embed/dHrRcXOu6TM
./2023/september/07/index.org	Dog Swinging At The Park	https://www.youtube.com/embed/tMXL0vEfIQI
./2023/september/08/index.org	Eating Pistachios And Feeding Them To Daddy	https://www.youtube.com/embed/_hVSMAf_2-A
./2023/september/08/index.org	Throwing A Fit After Pistachios Are Put Away	https://www.youtube.com/embed/6SmxCtK_azU
./2023/september/08/index.org	Cleaning The Oven For No Apparent Reason	https://www.youtube.com/embed/HLQU6cMpbMM
./2023/september/08/index.org	Hanging Out In The Back Yard	https://www.youtube.com/embed/LVgKMRljBMk
./2023/september/08/index.org	Daddy Sings Head Shoulders Knees And Toes	https://www.youtube.com/embed/BA3iZHuiGQI
./2023/september/08/index.org	Picking Out Daddys Facial Features	https://www.youtube.com/embed/xu67TO9cXBs
./2023/june/27/index.org	At the beach, scared at first	https://www.youtube.com/embed/mwTxVYQOwJ0
./2023/june/27/index.org	Going deeper in the ocean	https://www.youtube.com/embed/ozdHMcwpcMk
./2023/june/27/index.org	She starts getting braver	https://www.youtube.com/embed/3VDB8Pjkwds
./2023/june/27/index.org	Getting ready to go alone	https://www.youtube.com/embed/PwXfhK6SdXk
./2023/june/27/index.org	Now she&#39;s brave enough to go alone!	https://www.youtube.com/embed/27KoxBwxhCU
./2023/june/27/index.org	Wondering	https://www.youtube.com/embed/YZWqmkkqkWI
./2023/june/27/index.org	She needs Daddy when she falls	https://www.youtube.com/embed/NnilCj3bePI
./2023/june/27/index.org	She wants right back down	https://www.youtube.com/embed/UG40kRGYtvU
./2023/june/27/index.org	Playing with box at home	https://www.youtube.com/embed/3_qbTiQPB1s
./2023/june/27/index.org	Noumena Loves Oksana	https://www.youtube.com/embed/KuTuy2cP5tA
./2023/september/15/index.org	Blanky In The Morning	https://www.youtube.com/embed/5cRDkdBHSh4
./2023/september/15/index.org	Swinging With Mommy	https://www.youtube.com/embed/C39u1MORslk
./2023/september/15/index.org	Playing With Tractor	https://www.youtube.com/embed/Wsu9gplguiE
./2023/september/15/index.org	Playing With Baby	https://www.youtube.com/embed/z1m_7sgjPAo
./2023/september/23/index.org	Carving Pumpkin With Mommy And Daddy	https://www.youtube.com/embed/EriZJA0rcZw
./2023/september/23/index.org	Wandering At Treaty Oak Park	https://www.youtube.com/embed/SMCRTN60KXU
./2023/september/23/index.org	Walking Up To Treaty Oak	https://www.youtube.com/embed/cvZyJdEz2Eg
./2023/september/23/index.org	Walking Up Treaty Oak	https://www.youtube.com/embed/_oEqB83PDU4
./2023/september/23/index.org	Walking Through The Branches At Treaty Oak	https://www.youtube.com/embed/73uyK83srbA
./2023/june/26/index.org	Dancing with Daddy	https://www.youtube.com/embed/Nf1uyao1S7A
./2023/june/26/index.org	Playing on the bed	https://www.youtube.com/embed/RjS438-vdHg
./2023/june/26/index.org	Playing on the bed	https://www.youtube.com/embed/fc53tu2TqLc
./2023/june/26/index.org	Playing on the bed	https://www.youtube.com/embed/LDob6YMn9To
./2023/june/26/index.org	Hamper play	https://www.youtube.com/embed/HRTDiMtryuk
./2023/june/26/index.org	Hamper play	https://www.youtube.com/embed/YFCrgkIq-g0
./2023/june/26/index.org	Running from daddy with blanky	https://www.youtube.com/embed/n8N6QyFNMVQ
./2023/june/26/index.org	Eating Berries	https://www.youtube.com/embed/qhyiu7tEGPQ
./2023/june/26/index.org	Chalmers Kisses Noumena	https://www.youtube.com/embed/tbJtrNfV0PA
./2023/june/26/index.org	Focusing on the light	https://www.youtube.com/embed/nttqRsj1JB0
./2023/june/26/index.org	Tearing paper	https://www.youtube.com/embed/Wvz9oyRpayQ
./2023/june/26/index.org	Getting ready for Bath	https://www.youtube.com/embed/1hbkWbdCo4g
./2023/july/20/index.org	porridge and reading with daddy	https://www.youtube.com/embed/x7lUD7wopKE
./2023/july/20/index.org	trying to get on couch	https://www.youtube.com/embed/dxBenOsE-GA
./2023/july/20/index.org	getting on the couch	https://www.youtube.com/embed/tFswHy9K4NE
./2023/july/20/index.org	clapathon	https://www.youtube.com/embed/aS9Xfnqy7Os
./2023/september/17/index.org	Swinging With Daddy	https://www.youtube.com/embed/tJ4FkpZLqXo
./2023/september/17/index.org	Walking Into The Fountain	https://www.youtube.com/embed/682f09zTHgo
./2023/september/17/index.org	Playing In The Fountain	https://www.youtube.com/embed/ru0vrTZqEDo
./2023/september/17/index.org	More Playing In The Fountain	https://www.youtube.com/embed/zWYEC998ZLk
./2023/september/17/index.org	Going Into The Center Of The Fountain	https://www.youtube.com/embed/dyEu30AMxec
./2023/september/17/index.org	Playing In The Center	https://www.youtube.com/embed/1GsXcM902NM
./2023/september/17/index.org	Going Into The Center Again	https://www.youtube.com/embed/M2y6M3sC0vQ
./2023/september/17/index.org	Surprised By The Fountain	https://www.youtube.com/embed/Gw845t0IFqU
./2023/september/17/index.org	Riding Carousel At Chuck E Cheese	https://www.youtube.com/embed/FlhkT9NiFDY
./2023/september/17/index.org	Playing With The Swing Herself	https://www.youtube.com/embed/dbxPjrZeQLU
./2023/september/17/index.org	Swinging Like A Big Girl	https://www.youtube.com/embed/y1DR_9Br2d0
./2023/september/17/index.org	Trying To Squeeze Into Box	https://www.youtube.com/embed/44KvNwvB_c8
./2023/september/17/index.org	Playing With Her Toys	https://www.youtube.com/embed/DUOlRD1wDGo
./2023/september/17/index.org	Acting Silly At Bath Time	https://www.youtube.com/embed/QClN5x8EqPA
./2023/september/22/index.org	Mommy Awakens Noumena	https://www.youtube.com/embed/HBRbnDlNf4Y
./2023/september/22/index.org	Powerful Legs	https://www.youtube.com/embed/B5xPq2etoUg
./2023/september/22/index.org	Chasing A Basketball At The Park	https://www.youtube.com/embed/kCUVWBZDahI
./2023/september/22/index.org	Brushing Hair With Mommy	https://www.youtube.com/embed/1e3-pf1iZnQ
./2023/september/20/index.org	Trying To Catch Noumena Squeezing Through Fence	https://www.youtube.com/embed/NDBW-gJ3V2I
./2023/september/20/index.org	Playing At Park	https://www.youtube.com/embed/e-MLIEQqrWc
./2023/september/20/index.org	Swinging On Big Girl Swing	https://www.youtube.com/embed/tj4RrHSKF4k
./2023/september/21/index.org	Feeding Chalmers Cheese	https://www.youtube.com/embed/5AP1AKh20F8
./2023/september/21/index.org	Chasing Kisa In The Yard	https://www.youtube.com/embed/5j5Sdkur-b0
./2023/september/21/index.org	First Time In A Tennis Court	https://www.youtube.com/embed/P0XJEzvZdAg
./2023/june/19/index.org	Playing in CVS	https://www.youtube.com/embed/Up0_J9OCDPo
./2023/june/19/index.org	Daddy needs to help down the slide	https://www.youtube.com/embed/XKnC0Vt7fR8
./2023/september/19/index.org	Power From The Legs	https://www.youtube.com/embed/b5EzcFNxI7o
./2023/september/19/index.org	Dinner Craziness	https://www.youtube.com/embed/ELv5EgmA-eI
./2023/september/19/index.org	Dinner Craziness 2	https://www.youtube.com/embed/1w3pPkT9yGc
./2023/june/24/index.org	Morning Park	https://www.youtube.com/embed/yQHucHa-7yg
./2023/june/24/index.org	playing with Daddy&#39;s phone	https://www.youtube.com/embed/ha50xNdJtxw
./2023/june/24/index.org	Daddy needs to help her down	https://www.youtube.com/embed/k612Pf_IYWY
./2023/june/24/index.org	baby herding	https://www.youtube.com/embed/AhnBgzSbo3E
./2023/june/24/index.org	Mommy helps play at the fountain	https://www.youtube.com/embed/Q1puddKPwI0
./2023/july/19/index.org	wandering with blanky	https://www.youtube.com/embed/dXpEHVxL_yE
./2023/july/19/index.org	armpit raspberry	https://www.youtube.com/embed/B50yB35n1uE
./2023/july/19/index.org	more playing at the park	https://www.youtube.com/embed/0kjw63E46wU
./2023/july/19/index.org	just wandering at the park	https://www.youtube.com/embed/0CamD51Q-Ns
./2023/july/19/index.org	licking daddys head	https://www.youtube.com/embed/Dok83QA29vs
./2023/july/19/index.org	feeding daddy and chalmers grapes	https://www.youtube.com/embed/yXCEMH1mqiY
./2023/july/19/index.org	testing for epilepsy	https://www.youtube.com/embed/V8D8U97EPKE
./2023/june/25/index.org	Playing with Oksana	https://www.youtube.com/embed/MnfSKhRbLN8
./2023/june/25/index.org	Rolling balls with Oksana	https://www.youtube.com/embed/RB2yzMNusW0
./2023/june/25/index.org	Talking on the phone	https://www.youtube.com/embed/FkMIHYvdeOs
./2023/june/25/index.org	Riding her train	https://www.youtube.com/embed/-qBNJFixbUY
./2023/september/18/index.org	Running After The Birdies At The Park	https://www.youtube.com/embed/uu9fWniqrjA
./2023/september/18/index.org	Bouncing With Mommy On The Bridge	https://www.youtube.com/embed/PQpTYJNdkow
./2023/september/18/index.org	Hugging Daddy	https://www.youtube.com/embed/L3TozaKhy2M
./2023/september/18/index.org	Grabbing Daddys Leg On The Bed	https://www.youtube.com/embed/xiGuxnMQ8_s
./2023/june/18/index.org	YouTube video player	https://www.youtube.com/embed/3b2Apwvql0k
./2023/june/18/index.org	YouTube video player	https://www.youtube.com/embed/Jzk7AF60ywE
./2023/june/18/index.org	Avocado toast	https://www.youtube.com/embed/3f_-nPPJ8Pw
./2023/june/18/index.org	Chair&#39;s Secret Compartment	https://www.youtube.com/embed/rAAHtGBROvY
./2023/june/18/index.org	Dinner with mom	https://www.youtube.com/embed/zsEq8SSUvpc
./2023/june/21/index.org	Backseat Baby	https://www.youtube.com/embed/uY7KWrU_TSc
./2023/june/21/index.org	Where are your pants?	https://www.youtube.com/embed/GolSe6qb2dg
./2023/june/21/index.org	Trying to get out of the park.	https://www.youtube.com/embed/gNn4TQ6dTIc
./2023/june/21/index.org	Bubbles!!!	https://www.youtube.com/embed/8n-NtlHvyTg
./2023/june/21/index.org	Noumena chant	https://www.youtube.com/embed/uotA2teKETc
./2023/june/21/index.org	Squeezing my baby to make noises	https://www.youtube.com/embed/ZvKDeM2PwS0
./2023/june/17/index.org	YouTube video player	https://www.youtube.com/embed/XP3c8E5qvqc
./2023/june/17/index.org	YouTube video player	https://www.youtube.com/embed/0hhAmhZBWuo
./2023/june/17/index.org	YouTube video player	https://www.youtube.com/embed/gwOeq8nWEc8
./2023/june/17/index.org	YouTube video player	https://www.youtube.com/embed/0EQ27auYLyY
./2023/june/23/index.org	Playing with toys	https://www.youtube.com/embed/0Q5yKcEVv4k
./2023/june/23/index.org	She makes a mess	https://www.youtube.com/embed/XCmcKDASNJ8
./2023/june/16/index.org	YouTube video player	https://www.youtube.com/embed/6-NMzxD1vD8
./2023/june/16/index.org	YouTube video player	https://www.youtube.com/embed/Zs6Xqiedv8s
./2023/june/16/index.org	Going down the slide all by herself!	https://www.youtube.com/embed/pcqwOoZEXSc
./2023/june/16/index.org	going down the slide all by herself!	https://www.youtube.com/embed/OUEaW3AztTc
./2023/june/20/index.org	Chalmers hurts Noumena accidentally	https://www.youtube.com/embed/etm065rhI_I
./2023/june/20/index.org	Noumena trying to express herself	https://www.youtube.com/embed/MIeSrAVrsXM
./2023/june/20/index.org	Noumena loves Kisa	https://www.youtube.com/embed/uuT03N5Oii8
./2023/june/20/index.org	Caught in the rain	https://www.youtube.com/embed/Ap4Lg2tqyOs
./2023/june/22/index.org	Eating goldfish	https://www.youtube.com/embed/UF1gXS2hcXw
./2023/june/22/index.org	Walking around with Yaya	https://www.youtube.com/embed/iaD-Drnjqfg
./2023/june/22/index.org	&quot;she&#39;s my baby you can&#39;t have her!&quot;	https://www.youtube.com/embed/25k9v8qU5_Q
./2023/june/22/index.org	She doesn&#39;t need daddy at all!	https://www.youtube.com/embed/VvFZl1cACsE
./2023/june/22/index.org	Drinking from a cup all by herself	https://www.youtube.com/embed/5LTdMToj2fk
./2023/june/22/index.org	cooking with daddy	https://www.youtube.com/embed/QmJ2Mym5dwA
./2023/june/22/index.org	Hanging with Kisa	https://www.youtube.com/embed/uK7XVfnW9Us
./2023/june/22/index.org	Completely independent sliding	https://www.youtube.com/embed/aTmnQVGi-1Q
./2023/september/09/index.org	Trying To Get Noumena To Put Her Shirt On Herself	https://www.youtube.com/embed/Q5VI-v6l2KE
./2023/september/09/index.org	Playing In The Courtyard Of The Library	https://www.youtube.com/embed/MtjMxwT_57w
./2023/september/09/index.org	Playing Hide And Seek In The Courtyard	https://www.youtube.com/embed/yEzFWNa6u9Q
./2023/september/09/index.org	Petting The Sheep At Petting Zoo	https://www.youtube.com/embed/bX0B6CGSVFo
./2023/september/09/index.org	Petting Cow At Petting Zoo	https://www.youtube.com/embed/jTQEZpUsuzg
./2023/september/09/index.org	Petting Goat At Petting Zoo	https://www.youtube.com/embed/1u-Qaf46vqQ
./2023/september/09/index.org	Drawing With Sidewalk Chalk	https://www.youtube.com/embed/iGZBdQJpTG8
./2023/september/09/index.org	Touching The Wavy Things	https://www.youtube.com/embed/u0ugRuDiKS4
./2023/september/09/index.org	Spending Time With Chickens And Goats	https://www.youtube.com/embed/1uIgLNgxZ8k
./2023/september/09/index.org	Petting The Goats	https://www.youtube.com/embed/EdC_9Pv7Yk0
./2023/september/09/index.org	Feeding The Goats	https://www.youtube.com/embed/CVfGxkCAcaE
./2023/september/09/index.org	Feeding The Goats 2	https://www.youtube.com/embed/1XIOk6C4ZXE
./2023/september/09/index.org	Balancing On The Bridge Rails	https://www.youtube.com/embed/VoOHcTITSkg
./2023/september/09/index.org	Playing With Balls At Walmart	https://www.youtube.com/embed/GH1Py-p0858
./2023/september/09/index.org	Playing With Toys At Walmart	https://www.youtube.com/embed/q1Tzfn3KYNI
